INSERT INTO `project` (`title`,`project_id`,`module_id`,`abstract`,`poster`,`video`) VALUES 
('Improving STePS ',5054,'zzzzzzzz-zzzz-zzzz-zzzz-zzzzzzzzzzzz','Our project vision is to revolutionise the future of STePS. We aim to use automation to significantly reduce the workload on the STePS organising team. The registration process would be done online and the STePS information pages would be dynamically updated. In addition, our data storage system would allow for increased searchability, resulting in easier analysis of data and statistics of past events. Our new system promises increased usability for both organisers and participants alike. Join us in ushering in the future of STePS!','http://media.tumblr.com/3f81fad6ef163759fff8077580d94752/tumblr_inline_nj4nxkE0C21qersu1.png','https://www.youtube.com/watch?v=MYZfjfkwRII');
INSERT INTO `user` (`user_id`,`name`,`email`,`contact`,`user_type`,`food_preference`) VALUES
('A5000167B','Low Sharmine','a@nus.edu.sg',60000166,2,1);
INSERT INTO `enrolled` (`user_id`,`module_id`) VALUES ('A5000167B','zzzzzzzz-zzzz-zzzz-zzzz-zzzzzzzzzzzz');
INSERT INTO `participate` (`user_id`,`project_id`) VALUES ('A5000167B','5054');
INSERT INTO `user` (`user_id`,`name`,`email`,`contact`,`user_type`,`food_preference`) VALUES
('A5000168B',' Tan Mun Aw','a@nus.edu.sg',60000167,2,1);
INSERT INTO `enrolled` (`user_id`,`module_id`) VALUES ('A5000168B','zzzzzzzz-zzzz-zzzz-zzzz-zzzzzzzzzzzz');
INSERT INTO `participate` (`user_id`,`project_id`) VALUES ('A5000168B','5054');
INSERT INTO `user` (`user_id`,`name`,`email`,`contact`,`user_type`,`food_preference`) VALUES
('A5000169B',' Leong Wei Ming','a@nus.edu.sg',60000168,2,1);
INSERT INTO `enrolled` (`user_id`,`module_id`) VALUES ('A5000169B','zzzzzzzz-zzzz-zzzz-zzzz-zzzzzzzzzzzz');
INSERT INTO `participate` (`user_id`,`project_id`) VALUES ('A5000169B','5054');
INSERT INTO `user` (`user_id`,`name`,`email`,`contact`,`user_type`,`food_preference`) VALUES
('A5000170B',' Nicholas Lum Aik Yong ','a@nus.edu.sg',60000169,2,1);
INSERT INTO `enrolled` (`user_id`,`module_id`) VALUES ('A5000170B','zzzzzzzz-zzzz-zzzz-zzzz-zzzzzzzzzzzz');
INSERT INTO `participate` (`user_id`,`project_id`) VALUES ('A5000170B','5054');
INSERT INTO `project` (`title`,`project_id`,`module_id`,`abstract`,`poster`,`video`) VALUES 
('NOI ',5055,'zzzzzzzz-zzzz-zzzz-zzzz-zzzzzzzzzzzz','This Singapore National Olympiad in Informatics (NOI) website is only used annually around mid January - late March when various JCs and Secondary schools in Singapore want to find information about the next NOI. We aim to provide a better user experience for those using this website.','http://media.tumblr.com/3f81fad6ef163759fff8077580d94752/tumblr_inline_nj4nxkE0C21qersu1.png','https://www.youtube.com/watch?v=MYZfjfkwRII');
INSERT INTO `user` (`user_id`,`name`,`email`,`contact`,`user_type`,`food_preference`) VALUES
('A5000171B','Cheng Wah Man','a@nus.edu.sg',60000170,2,1);
INSERT INTO `enrolled` (`user_id`,`module_id`) VALUES ('A5000171B','zzzzzzzz-zzzz-zzzz-zzzz-zzzzzzzzzzzz');
INSERT INTO `participate` (`user_id`,`project_id`) VALUES ('A5000171B','5055');
INSERT INTO `user` (`user_id`,`name`,`email`,`contact`,`user_type`,`food_preference`) VALUES
('A5000172B',' Chong Jia Wei','a@nus.edu.sg',60000171,2,1);
INSERT INTO `enrolled` (`user_id`,`module_id`) VALUES ('A5000172B','zzzzzzzz-zzzz-zzzz-zzzz-zzzzzzzzzzzz');
INSERT INTO `participate` (`user_id`,`project_id`) VALUES ('A5000172B','5055');
INSERT INTO `user` (`user_id`,`name`,`email`,`contact`,`user_type`,`food_preference`) VALUES
('A5000173B',' Renaldy Audry Widjaja ','a@nus.edu.sg',60000172,2,1);
INSERT INTO `enrolled` (`user_id`,`module_id`) VALUES ('A5000173B','zzzzzzzz-zzzz-zzzz-zzzz-zzzzzzzzzzzz');
INSERT INTO `participate` (`user_id`,`project_id`) VALUES ('A5000173B','5055');
INSERT INTO `project` (`title`,`project_id`,`module_id`,`abstract`,`poster`,`video`) VALUES 
('NUS Module Wiki ',5056,'zzzzzzzz-zzzz-zzzz-zzzz-zzzzzzzzzzzz','Crowdsourcing is a fast and efficient way of gathering knowledge/resources, especially for freshmen who want to seek opinions regarding modules. Much of the important information regarding modules are not mentioned on the official websites. Hence, the aim of NUS Module Wiki is to expand on it with the inclusion of more user-generated content. The end product will be similar to a Wikipedia for modules where some content obtained from NUSMods API and other user-generated content created, maintained and updated by students/lecturers.','http://media.tumblr.com/3f81fad6ef163759fff8077580d94752/tumblr_inline_nj4nxkE0C21qersu1.png','https://www.youtube.com/watch?v=MYZfjfkwRII');
INSERT INTO `user` (`user_id`,`name`,`email`,`contact`,`user_type`,`food_preference`) VALUES
('A5000174B','Choo Jia Le','a@nus.edu.sg',60000173,2,1);
INSERT INTO `enrolled` (`user_id`,`module_id`) VALUES ('A5000174B','zzzzzzzz-zzzz-zzzz-zzzz-zzzzzzzzzzzz');
INSERT INTO `participate` (`user_id`,`project_id`) VALUES ('A5000174B','5056');
INSERT INTO `user` (`user_id`,`name`,`email`,`contact`,`user_type`,`food_preference`) VALUES
('A5000175B',' Daryl Ng Wee Kiat','a@nus.edu.sg',60000174,2,1);
INSERT INTO `enrolled` (`user_id`,`module_id`) VALUES ('A5000175B','zzzzzzzz-zzzz-zzzz-zzzz-zzzzzzzzzzzz');
INSERT INTO `participate` (`user_id`,`project_id`) VALUES ('A5000175B','5056');
INSERT INTO `user` (`user_id`,`name`,`email`,`contact`,`user_type`,`food_preference`) VALUES
('A5000176B',' Iain Philip Meeke ','a@nus.edu.sg',60000175,2,1);
INSERT INTO `enrolled` (`user_id`,`module_id`) VALUES ('A5000176B','zzzzzzzz-zzzz-zzzz-zzzz-zzzzzzzzzzzz');
INSERT INTO `participate` (`user_id`,`project_id`) VALUES ('A5000176B','5056');
INSERT INTO `project` (`title`,`project_id`,`module_id`,`abstract`,`poster`,`video`) VALUES 
('ICPC ',5057,'zzzzzzzz-zzzz-zzzz-zzzz-zzzzzzzzzzzz','NUS SoC will host ACM International Collegiate Programming Contest (ICPC) Singapore Regional Contest again this year. The current webpage is drafted by Dr Steven Halim "in a few hours" just to have a minimal web presence. Reference: The flashy 2014 ACM ICPC Asia Bangkok or 2014 ACM ICPC Asia Jakarta or Google around for past ACM ICPC Regionals and/or World Finals contest webpage for inspiration on how good (or poor) some contest webpages are.','http://media.tumblr.com/3f81fad6ef163759fff8077580d94752/tumblr_inline_nj4nxkE0C21qersu1.png','https://www.youtube.com/watch?v=MYZfjfkwRII');
INSERT INTO `user` (`user_id`,`name`,`email`,`contact`,`user_type`,`food_preference`) VALUES
('A5000177B','Jonathan Darryl Widjaja','a@nus.edu.sg',60000176,2,1);
INSERT INTO `enrolled` (`user_id`,`module_id`) VALUES ('A5000177B','zzzzzzzz-zzzz-zzzz-zzzz-zzzzzzzzzzzz');
INSERT INTO `participate` (`user_id`,`project_id`) VALUES ('A5000177B','5057');
INSERT INTO `user` (`user_id`,`name`,`email`,`contact`,`user_type`,`food_preference`) VALUES
('A5000178B',' Tung Meng Hao','a@nus.edu.sg',60000177,2,1);
INSERT INTO `enrolled` (`user_id`,`module_id`) VALUES ('A5000178B','zzzzzzzz-zzzz-zzzz-zzzz-zzzzzzzzzzzz');
INSERT INTO `participate` (`user_id`,`project_id`) VALUES ('A5000178B','5057');
INSERT INTO `user` (`user_id`,`name`,`email`,`contact`,`user_type`,`food_preference`) VALUES
('A5000179B',' Wang Chao ','a@nus.edu.sg',60000178,2,1);
INSERT INTO `enrolled` (`user_id`,`module_id`) VALUES ('A5000179B','zzzzzzzz-zzzz-zzzz-zzzz-zzzzzzzzzzzz');
INSERT INTO `participate` (`user_id`,`project_id`) VALUES ('A5000179B','5057');
INSERT INTO `project` (`title`,`project_id`,`module_id`,`abstract`,`poster`,`video`) VALUES 
('PRO-folio ',5058,'zzzzzzzz-zzzz-zzzz-zzzz-zzzzzzzzzzzz','This project is supposed to design a new web framework for professor profile. With the new design, a professor can easily trace the history information, maintain the current teaching and researching stuff and edit the personal statement. Meanwhile, there will be an admin page for professors to update the contents and select the visibility of different sections in the site by their distinct preferences.','http://media.tumblr.com/3f81fad6ef163759fff8077580d94752/tumblr_inline_nj4nxkE0C21qersu1.png','https://www.youtube.com/watch?v=MYZfjfkwRII');
INSERT INTO `user` (`user_id`,`name`,`email`,`contact`,`user_type`,`food_preference`) VALUES
('A5000180B','Lin Fanshi','a@nus.edu.sg',60000179,2,1);
INSERT INTO `enrolled` (`user_id`,`module_id`) VALUES ('A5000180B','zzzzzzzz-zzzz-zzzz-zzzz-zzzzzzzzzzzz');
INSERT INTO `participate` (`user_id`,`project_id`) VALUES ('A5000180B','5058');
INSERT INTO `user` (`user_id`,`name`,`email`,`contact`,`user_type`,`food_preference`) VALUES
('A5000181B',' Wang Jinghan','a@nus.edu.sg',60000180,2,1);
INSERT INTO `enrolled` (`user_id`,`module_id`) VALUES ('A5000181B','zzzzzzzz-zzzz-zzzz-zzzz-zzzzzzzzzzzz');
INSERT INTO `participate` (`user_id`,`project_id`) VALUES ('A5000181B','5058');
INSERT INTO `user` (`user_id`,`name`,`email`,`contact`,`user_type`,`food_preference`) VALUES
('A5000182B',' Wang Zhipeng ','a@nus.edu.sg',60000181,2,1);
INSERT INTO `enrolled` (`user_id`,`module_id`) VALUES ('A5000182B','zzzzzzzz-zzzz-zzzz-zzzz-zzzzzzzzzzzz');
INSERT INTO `participate` (`user_id`,`project_id`) VALUES ('A5000182B','5058');
INSERT INTO `project` (`title`,`project_id`,`module_id`,`abstract`,`poster`,`video`) VALUES 
('NUS Whispers ',5059,'zzzzzzzz-zzzz-zzzz-zzzz-zzzzzzzzzzzz','The confessions wave took the whole Singapore by storm in 2012. Many daring souls created confessions pages for organizations on Facebook, so that their peers could share their darkest secrets/gossips in an anonymous fashion. There窶冱 too much manual work in the current way that the admins of the confessions page are handling submitted confessions. This project aims to develop a web portal where anonymous users can submit confessions and in turn admins can automatically repost them to Facebook easily.','http://media.tumblr.com/3f81fad6ef163759fff8077580d94752/tumblr_inline_nj4nxkE0C21qersu1.png','https://www.youtube.com/watch?v=MYZfjfkwRII');
INSERT INTO `user` (`user_id`,`name`,`email`,`contact`,`user_type`,`food_preference`) VALUES
('A5000183B','Erin Teo Yi Ling','a@nus.edu.sg',60000182,2,1);
INSERT INTO `enrolled` (`user_id`,`module_id`) VALUES ('A5000183B','zzzzzzzz-zzzz-zzzz-zzzz-zzzzzzzzzzzz');
INSERT INTO `participate` (`user_id`,`project_id`) VALUES ('A5000183B','5059');
INSERT INTO `user` (`user_id`,`name`,`email`,`contact`,`user_type`,`food_preference`) VALUES
('A5000184B',' Melvin Lee Wei Ming','a@nus.edu.sg',60000183,2,1);
INSERT INTO `enrolled` (`user_id`,`module_id`) VALUES ('A5000184B','zzzzzzzz-zzzz-zzzz-zzzz-zzzzzzzzzzzz');
INSERT INTO `participate` (`user_id`,`project_id`) VALUES ('A5000184B','5059');
INSERT INTO `user` (`user_id`,`name`,`email`,`contact`,`user_type`,`food_preference`) VALUES
('A5000185B',' Zhou Yichen ','a@nus.edu.sg',60000184,2,1);
INSERT INTO `enrolled` (`user_id`,`module_id`) VALUES ('A5000185B','zzzzzzzz-zzzz-zzzz-zzzz-zzzzzzzzzzzz');
INSERT INTO `participate` (`user_id`,`project_id`) VALUES ('A5000185B','5059');
INSERT INTO `project` (`title`,`project_id`,`module_id`,`abstract`,`poster`,`video`) VALUES 
('Private IVLE ',5060,'zzzzzzzz-zzzz-zzzz-zzzz-zzzzzzzzzzzz','NUS IVLE has been around since year 2000 (or earlier) when Steven first joined NUS as an undergraduate student. There are improvements along the way but the core system remains the same throughout all these years. There are "many virtual learning environment" features that Steven wants IVLE to have, but it does not have it yet. Since he is a web programmer himself, he decided to "create his own IVLE" starting from this semester that is highly customized to the modules that he regularly teaches (currentlyCS3233, our own CP3101B, and later next semester: CS2010). There are several other features that he wants to try but have not implement.','http://media.tumblr.com/3f81fad6ef163759fff8077580d94752/tumblr_inline_nj4nxkE0C21qersu1.png','https://www.youtube.com/watch?v=MYZfjfkwRII');
INSERT INTO `user` (`user_id`,`name`,`email`,`contact`,`user_type`,`food_preference`) VALUES
('A5000186B','Sai Charan Mahadevan','a@nus.edu.sg',60000185,2,1);
INSERT INTO `enrolled` (`user_id`,`module_id`) VALUES ('A5000186B','zzzzzzzz-zzzz-zzzz-zzzz-zzzzzzzzzzzz');
INSERT INTO `participate` (`user_id`,`project_id`) VALUES ('A5000186B','5060');
INSERT INTO `user` (`user_id`,`name`,`email`,`contact`,`user_type`,`food_preference`) VALUES
('A5000187B',' Selvam Edwin Francis','a@nus.edu.sg',60000186,2,1);
INSERT INTO `enrolled` (`user_id`,`module_id`) VALUES ('A5000187B','zzzzzzzz-zzzz-zzzz-zzzz-zzzzzzzzzzzz');
INSERT INTO `participate` (`user_id`,`project_id`) VALUES ('A5000187B','5060');
INSERT INTO `user` (`user_id`,`name`,`email`,`contact`,`user_type`,`food_preference`) VALUES
('A5000188B',' Supraja Bhavani Sekhar','a@nus.edu.sg',60000187,2,1);
INSERT INTO `enrolled` (`user_id`,`module_id`) VALUES ('A5000188B','zzzzzzzz-zzzz-zzzz-zzzz-zzzzzzzzzzzz');
INSERT INTO `participate` (`user_id`,`project_id`) VALUES ('A5000188B','5060');
INSERT INTO `user` (`user_id`,`name`,`email`,`contact`,`user_type`,`food_preference`) VALUES
('A5000189B',' Viswanathan Chandrashekar ','a@nus.edu.sg',60000188,2,1);
INSERT INTO `enrolled` (`user_id`,`module_id`) VALUES ('A5000189B','zzzzzzzz-zzzz-zzzz-zzzz-zzzzzzzzzzzz');
INSERT INTO `participate` (`user_id`,`project_id`) VALUES ('A5000189B','5060');
INSERT INTO `project` (`title`,`project_id`,`module_id`,`abstract`,`poster`,`video`) VALUES 
('VisuAlgo Internationalization ',5061,'zzzzzzzz-zzzz-zzzz-zzzz-zzzzzzzzzzzz','VisuAlgo is currently a successful website for various Computer Science students/lecturers in the world to learn and practice on basic Data Structures and Algorithms. We want VisuAlgo to go international by having a built-in translation system that localizes the English messages found in VisuAlgo system to the visitor local language. We want to do this in a scalable manner.','http://media.tumblr.com/3f81fad6ef163759fff8077580d94752/tumblr_inline_nj4nxkE0C21qersu1.png','https://www.youtube.com/watch?v=MYZfjfkwRII');
INSERT INTO `user` (`user_id`,`name`,`email`,`contact`,`user_type`,`food_preference`) VALUES
('A5000190B','Anand Sundaram','a@nus.edu.sg',60000189,2,1);
INSERT INTO `enrolled` (`user_id`,`module_id`) VALUES ('A5000190B','zzzzzzzz-zzzz-zzzz-zzzz-zzzzzzzzzzzz');
INSERT INTO `participate` (`user_id`,`project_id`) VALUES ('A5000190B','5061');
INSERT INTO `user` (`user_id`,`name`,`email`,`contact`,`user_type`,`food_preference`) VALUES
('A5000191B',' Nguyen Hoang Vu','a@nus.edu.sg',60000190,2,1);
INSERT INTO `enrolled` (`user_id`,`module_id`) VALUES ('A5000191B','zzzzzzzz-zzzz-zzzz-zzzz-zzzzzzzzzzzz');
INSERT INTO `participate` (`user_id`,`project_id`) VALUES ('A5000191B','5061');
INSERT INTO `user` (`user_id`,`name`,`email`,`contact`,`user_type`,`food_preference`) VALUES
('A5000192B',' Nguyen Viet Dung','a@nus.edu.sg',60000191,2,1);
INSERT INTO `enrolled` (`user_id`,`module_id`) VALUES ('A5000192B','zzzzzzzz-zzzz-zzzz-zzzz-zzzzzzzzzzzz');
INSERT INTO `participate` (`user_id`,`project_id`) VALUES ('A5000192B','5061');
INSERT INTO `user` (`user_id`,`name`,`email`,`contact`,`user_type`,`food_preference`) VALUES
('A5000193B',' Savin Varshney ','a@nus.edu.sg',60000192,2,1);
INSERT INTO `enrolled` (`user_id`,`module_id`) VALUES ('A5000193B','zzzzzzzz-zzzz-zzzz-zzzz-zzzzzzzzzzzz');
INSERT INTO `participate` (`user_id`,`project_id`) VALUES ('A5000193B','5061');
INSERT INTO `project` (`title`,`project_id`,`module_id`,`abstract`,`poster`,`video`) VALUES 
('NUS Polls ',5062,'zzzzzzzz-zzzz-zzzz-zzzz-zzzzzzzzzzzz','NUS Polls is a website that creates polls via crowdsourcing from NUS students. Crowdsourcing is a fast and efficient way of gathering knowledge/resources, especially for NUS freshmen who are clueless about many things. For longer questions, Quora is doing a good job. But sometimes, we just want bite-sized information that can be consumed easily. NUS student/organizations might want to get feedback/opinions regarding certain events. These questions have to be disseminated to many people on a large scale within a short period of time. This is where NUS Polls comes in.','http://media.tumblr.com/3f81fad6ef163759fff8077580d94752/tumblr_inline_nj4nxkE0C21qersu1.png','https://www.youtube.com/watch?v=MYZfjfkwRII');
INSERT INTO `user` (`user_id`,`name`,`email`,`contact`,`user_type`,`food_preference`) VALUES
('A5000194B','Lee Gim Koon','a@nus.edu.sg',60000193,2,1);
INSERT INTO `enrolled` (`user_id`,`module_id`) VALUES ('A5000194B','zzzzzzzz-zzzz-zzzz-zzzz-zzzzzzzzzzzz');
INSERT INTO `participate` (`user_id`,`project_id`) VALUES ('A5000194B','5062');
INSERT INTO `user` (`user_id`,`name`,`email`,`contact`,`user_type`,`food_preference`) VALUES
('A5000195B',' Loy Yusong','a@nus.edu.sg',60000194,2,1);
INSERT INTO `enrolled` (`user_id`,`module_id`) VALUES ('A5000195B','zzzzzzzz-zzzz-zzzz-zzzz-zzzzzzzzzzzz');
INSERT INTO `participate` (`user_id`,`project_id`) VALUES ('A5000195B','5062');
INSERT INTO `user` (`user_id`,`name`,`email`,`contact`,`user_type`,`food_preference`) VALUES
('A5000196B',' Yan Ting Zhe ','a@nus.edu.sg',60000195,2,1);
INSERT INTO `enrolled` (`user_id`,`module_id`) VALUES ('A5000196B','zzzzzzzz-zzzz-zzzz-zzzz-zzzzzzzzzzzz');
INSERT INTO `participate` (`user_id`,`project_id`) VALUES ('A5000196B','5062');
INSERT INTO `project` (`title`,`project_id`,`module_id`,`abstract`,`poster`,`video`) VALUES 
('NUSHapz ',5063,'zzzzzzzz-zzzz-zzzz-zzzz-zzzzzzzzzzzz','NUShapz brings students together to discover the latest NUS happenings and events as a community. Building on the concept of unity in diversity, we aim to showcase the vibrancy that the NUS campus life has to offer and allow students to more effectively reach out and invite their friends to join them in whatever they do. In not limiting to just official school events, we create opportunities for increase participation and awareness of anything that is fun and enriching within NUS.','http://media.tumblr.com/3f81fad6ef163759fff8077580d94752/tumblr_inline_nj4nxkE0C21qersu1.png','https://www.youtube.com/watch?v=MYZfjfkwRII');
INSERT INTO `user` (`user_id`,`name`,`email`,`contact`,`user_type`,`food_preference`) VALUES
('A5000197B','Chua Chia Wei','a@nus.edu.sg',60000196,2,1);
INSERT INTO `enrolled` (`user_id`,`module_id`) VALUES ('A5000197B','zzzzzzzz-zzzz-zzzz-zzzz-zzzzzzzzzzzz');
INSERT INTO `participate` (`user_id`,`project_id`) VALUES ('A5000197B','5063');
INSERT INTO `user` (`user_id`,`name`,`email`,`contact`,`user_type`,`food_preference`) VALUES
('A5000198B',' Kenson Tan Kian Seng','a@nus.edu.sg',60000197,2,1);
INSERT INTO `enrolled` (`user_id`,`module_id`) VALUES ('A5000198B','zzzzzzzz-zzzz-zzzz-zzzz-zzzzzzzzzzzz');
INSERT INTO `participate` (`user_id`,`project_id`) VALUES ('A5000198B','5063');
INSERT INTO `user` (`user_id`,`name`,`email`,`contact`,`user_type`,`food_preference`) VALUES
('A5000199B',' Nigel Cheok Jianxing','a@nus.edu.sg',60000198,2,1);
INSERT INTO `enrolled` (`user_id`,`module_id`) VALUES ('A5000199B','zzzzzzzz-zzzz-zzzz-zzzz-zzzzzzzzzzzz');
INSERT INTO `participate` (`user_id`,`project_id`) VALUES ('A5000199B','5063');
INSERT INTO `user` (`user_id`,`name`,`email`,`contact`,`user_type`,`food_preference`) VALUES
('A5000200B',' Sothearith Sreang ','a@nus.edu.sg',60000199,2,1);
INSERT INTO `enrolled` (`user_id`,`module_id`) VALUES ('A5000200B','zzzzzzzz-zzzz-zzzz-zzzz-zzzzzzzzzzzz');
INSERT INTO `participate` (`user_id`,`project_id`) VALUES ('A5000200B','5063');
INSERT INTO `project` (`title`,`project_id`,`module_id`,`abstract`,`poster`,`video`) VALUES 
('DataGoPro ',5064,'zzzzzzzz-zzzz-zzzz-zzzz-zzzzzzzzzzzz','Testing before releasing/ deploying code is a good practice for every coder. Besides corner cases, testing the code against random data is usually a cheaper way to verify the robustness of a code. However, writing the data generator sometimes is not a pleasant and trivial task, and usually doubles the headache: how to make sure the data itself doesn窶冲 contain any flaws? DataGoPro aims to provide a sophisticated data generation scheme to help every coder to generate suitable and abundant random input for specific problems.','http://media.tumblr.com/3f81fad6ef163759fff8077580d94752/tumblr_inline_nj4nxkE0C21qersu1.png','https://www.youtube.com/watch?v=MYZfjfkwRII');
INSERT INTO `user` (`user_id`,`name`,`email`,`contact`,`user_type`,`food_preference`) VALUES
('A5000201B','Huang Da','a@nus.edu.sg',60000200,2,1);
INSERT INTO `enrolled` (`user_id`,`module_id`) VALUES ('A5000201B','zzzzzzzz-zzzz-zzzz-zzzz-zzzzzzzzzzzz');
INSERT INTO `participate` (`user_id`,`project_id`) VALUES ('A5000201B','5064');
INSERT INTO `user` (`user_id`,`name`,`email`,`contact`,`user_type`,`food_preference`) VALUES
('A5000202B',' Su Han','a@nus.edu.sg',60000201,2,1);
INSERT INTO `enrolled` (`user_id`,`module_id`) VALUES ('A5000202B','zzzzzzzz-zzzz-zzzz-zzzz-zzzzzzzzzzzz');
INSERT INTO `participate` (`user_id`,`project_id`) VALUES ('A5000202B','5064');
INSERT INTO `user` (`user_id`,`name`,`email`,`contact`,`user_type`,`food_preference`) VALUES
('A5000203B',' Wu Xudong','a@nus.edu.sg',60000202,2,1);
INSERT INTO `enrolled` (`user_id`,`module_id`) VALUES ('A5000203B','zzzzzzzz-zzzz-zzzz-zzzz-zzzzzzzzzzzz');
INSERT INTO `participate` (`user_id`,`project_id`) VALUES ('A5000203B','5064');
INSERT INTO `user` (`user_id`,`name`,`email`,`contact`,`user_type`,`food_preference`) VALUES
('A5000204B',' Zhang Yichuan ','a@nus.edu.sg',60000203,2,1);
INSERT INTO `enrolled` (`user_id`,`module_id`) VALUES ('A5000204B','zzzzzzzz-zzzz-zzzz-zzzz-zzzzzzzzzzzz');
INSERT INTO `participate` (`user_id`,`project_id`) VALUES ('A5000204B','5064');
INSERT INTO `project` (`title`,`project_id`,`module_id`,`abstract`,`poster`,`video`) VALUES 
('IVLE CloudSync++ ',5065,'zzzzzzzz-zzzz-zzzz-zzzz-zzzzzzzzzzzz','There is an official version named IVLE Cloud Sync (http://cloudsync.ivle.nus.edu.sg/). Now, it cannot work correctly. The page will stuck to waiting for getting files and clicking settings button also have no reactions. There is a new version done by one of our teammates (http://ivled.sshz.org/). This version is a bit complicated and not user-friendly enough. We plan to build a new version of IVLE dropbox sync that is more convenient and good-looking.','http://media.tumblr.com/3f81fad6ef163759fff8077580d94752/tumblr_inline_nj4nxkE0C21qersu1.png','https://www.youtube.com/watch?v=MYZfjfkwRII');
INSERT INTO `user` (`user_id`,`name`,`email`,`contact`,`user_type`,`food_preference`) VALUES
('A5000205B','Huang Weilong','a@nus.edu.sg',60000204,2,1);
INSERT INTO `enrolled` (`user_id`,`module_id`) VALUES ('A5000205B','zzzzzzzz-zzzz-zzzz-zzzz-zzzzzzzzzzzz');
INSERT INTO `participate` (`user_id`,`project_id`) VALUES ('A5000205B','5065');
INSERT INTO `user` (`user_id`,`name`,`email`,`contact`,`user_type`,`food_preference`) VALUES
('A5000206B',' Huang Yue','a@nus.edu.sg',60000205,2,1);
INSERT INTO `enrolled` (`user_id`,`module_id`) VALUES ('A5000206B','zzzzzzzz-zzzz-zzzz-zzzz-zzzzzzzzzzzz');
INSERT INTO `participate` (`user_id`,`project_id`) VALUES ('A5000206B','5065');
INSERT INTO `user` (`user_id`,`name`,`email`,`contact`,`user_type`,`food_preference`) VALUES
('A5000207B',' Lu Shumin','a@nus.edu.sg',60000206,2,1);
INSERT INTO `enrolled` (`user_id`,`module_id`) VALUES ('A5000207B','zzzzzzzz-zzzz-zzzz-zzzz-zzzzzzzzzzzz');
INSERT INTO `participate` (`user_id`,`project_id`) VALUES ('A5000207B','5065');
INSERT INTO `user` (`user_id`,`name`,`email`,`contact`,`user_type`,`food_preference`) VALUES
('A5000208B',' Zhang Mengdi ','a@nus.edu.sg',60000207,2,1);
INSERT INTO `enrolled` (`user_id`,`module_id`) VALUES ('A5000208B','zzzzzzzz-zzzz-zzzz-zzzz-zzzzzzzzzzzz');
INSERT INTO `participate` (`user_id`,`project_id`) VALUES ('A5000208B','5065');
INSERT INTO `project` (`title`,`project_id`,`module_id`,`abstract`,`poster`,`video`) VALUES 
('Competitive Programming Textbook Companion Website ',5066,'zzzzzzzz-zzzz-zzzz-zzzz-zzzzzzzzzzzz','Steven wrote "Competitive Programming" textbook for ACM ICPC, IOI, and also for his CS3233 or other algorithm modules, including CS2020/2010. He has built this "static" book companion website. There are parts that can now be automated, like the collection of errata, the collection of testimonials, etc.','http://media.tumblr.com/3f81fad6ef163759fff8077580d94752/tumblr_inline_nj4nxkE0C21qersu1.png','https://www.youtube.com/watch?v=MYZfjfkwRII');
INSERT INTO `user` (`user_id`,`name`,`email`,`contact`,`user_type`,`food_preference`) VALUES
('A5000209B','Ang Aik Siang','a@nus.edu.sg',60000208,2,1);
INSERT INTO `enrolled` (`user_id`,`module_id`) VALUES ('A5000209B','zzzzzzzz-zzzz-zzzz-zzzz-zzzzzzzzzzzz');
INSERT INTO `participate` (`user_id`,`project_id`) VALUES ('A5000209B','5066');
INSERT INTO `user` (`user_id`,`name`,`email`,`contact`,`user_type`,`food_preference`) VALUES
('A5000210B',' Eric Ewe Yow Choong','a@nus.edu.sg',60000209,2,1);
INSERT INTO `enrolled` (`user_id`,`module_id`) VALUES ('A5000210B','zzzzzzzz-zzzz-zzzz-zzzz-zzzzzzzzzzzz');
INSERT INTO `participate` (`user_id`,`project_id`) VALUES ('A5000210B','5066');
INSERT INTO `user` (`user_id`,`name`,`email`,`contact`,`user_type`,`food_preference`) VALUES
('A5000211B',' Gao Risheng ','a@nus.edu.sg',60000210,2,1);
INSERT INTO `enrolled` (`user_id`,`module_id`) VALUES ('A5000211B','zzzzzzzz-zzzz-zzzz-zzzz-zzzzzzzzzzzz');
INSERT INTO `participate` (`user_id`,`project_id`) VALUES ('A5000211B','5066');
INSERT INTO `project` (`title`,`project_id`,`module_id`,`abstract`,`poster`,`video`) VALUES 
('Multiplayer Word Game ',5067,'zzzzzzzz-zzzz-zzzz-zzzz-zzzzzzzzzzzz','Real-time multiplayer word game. Objective of the game is to find as many words as possible in a randomly generated board of letters. Player can login, and find a player to play against or play with in real-time.','http://media.tumblr.com/3f81fad6ef163759fff8077580d94752/tumblr_inline_nj4nxkE0C21qersu1.png','https://www.youtube.com/watch?v=MYZfjfkwRII');
INSERT INTO `user` (`user_id`,`name`,`email`,`contact`,`user_type`,`food_preference`) VALUES
('A5000212B','Nguyen Le Minh Dat','a@nus.edu.sg',60000211,2,1);
INSERT INTO `enrolled` (`user_id`,`module_id`) VALUES ('A5000212B','zzzzzzzz-zzzz-zzzz-zzzz-zzzzzzzzzzzz');
INSERT INTO `participate` (`user_id`,`project_id`) VALUES ('A5000212B','5067');
INSERT INTO `user` (`user_id`,`name`,`email`,`contact`,`user_type`,`food_preference`) VALUES
('A5000213B',' Cao Luu Quang ','a@nus.edu.sg',60000212,2,1);
INSERT INTO `enrolled` (`user_id`,`module_id`) VALUES ('A5000213B','zzzzzzzz-zzzz-zzzz-zzzz-zzzzzzzzzzzz');
INSERT INTO `participate` (`user_id`,`project_id`) VALUES ('A5000213B','5067');
INSERT INTO `project` (`title`,`project_id`,`module_id`,`abstract`,`poster`,`video`) VALUES 
('Tembusu College Orientation ',5068,'zzzzzzzz-zzzz-zzzz-zzzz-zzzzzzzzzzzz','This web platform aims to enable freshmen entering Tembusu College to find out more about the events and people who await them. It also aims to introduce them to life in Tembusu College.','http://media.tumblr.com/3f81fad6ef163759fff8077580d94752/tumblr_inline_nj4nxkE0C21qersu1.png','https://www.youtube.com/watch?v=MYZfjfkwRII');
INSERT INTO `user` (`user_id`,`name`,`email`,`contact`,`user_type`,`food_preference`) VALUES
('A5000214B','David Rafael Vasquez','a@nus.edu.sg',60000213,2,1);
INSERT INTO `enrolled` (`user_id`,`module_id`) VALUES ('A5000214B','zzzzzzzz-zzzz-zzzz-zzzz-zzzzzzzzzzzz');
INSERT INTO `participate` (`user_id`,`project_id`) VALUES ('A5000214B','5068');
INSERT INTO `user` (`user_id`,`name`,`email`,`contact`,`user_type`,`food_preference`) VALUES
('A5000215B',' Moazzam Ali Khan','a@nus.edu.sg',60000214,2,1);
INSERT INTO `enrolled` (`user_id`,`module_id`) VALUES ('A5000215B','zzzzzzzz-zzzz-zzzz-zzzz-zzzzzzzzzzzz');
INSERT INTO `participate` (`user_id`,`project_id`) VALUES ('A5000215B','5068');
INSERT INTO `user` (`user_id`,`name`,`email`,`contact`,`user_type`,`food_preference`) VALUES
('A5000216B',' Zhu Jiarui ','a@nus.edu.sg',60000215,2,1);
INSERT INTO `enrolled` (`user_id`,`module_id`) VALUES ('A5000216B','zzzzzzzz-zzzz-zzzz-zzzz-zzzzzzzzzzzz');
INSERT INTO `participate` (`user_id`,`project_id`) VALUES ('A5000216B','5068');
INSERT INTO `project` (`title`,`project_id`,`module_id`,`abstract`,`poster`,`video`) VALUES 
('WeMeet ',5069,'zzzzzzzz-zzzz-zzzz-zzzz-zzzzzzzzzzzz','An easy way to find out when everyone is free for your next meeting or event.','http://media.tumblr.com/3f81fad6ef163759fff8077580d94752/tumblr_inline_nj4nxkE0C21qersu1.png','https://www.youtube.com/watch?v=MYZfjfkwRII');
INSERT INTO `user` (`user_id`,`name`,`email`,`contact`,`user_type`,`food_preference`) VALUES
('A5000217B','Lewis Haris Nata','a@nus.edu.sg',60000216,2,1);
INSERT INTO `enrolled` (`user_id`,`module_id`) VALUES ('A5000217B','zzzzzzzz-zzzz-zzzz-zzzz-zzzzzzzzzzzz');
INSERT INTO `participate` (`user_id`,`project_id`) VALUES ('A5000217B','5069');
INSERT INTO `user` (`user_id`,`name`,`email`,`contact`,`user_type`,`food_preference`) VALUES
('A5000218B',' Nguyen Khac Tung','a@nus.edu.sg',60000217,2,1);
INSERT INTO `enrolled` (`user_id`,`module_id`) VALUES ('A5000218B','zzzzzzzz-zzzz-zzzz-zzzz-zzzzzzzzzzzz');
INSERT INTO `participate` (`user_id`,`project_id`) VALUES ('A5000218B','5069');
INSERT INTO `user` (`user_id`,`name`,`email`,`contact`,`user_type`,`food_preference`) VALUES
('A5000219B',' Ong Wei Yang Lionel','a@nus.edu.sg',60000218,2,1);
INSERT INTO `enrolled` (`user_id`,`module_id`) VALUES ('A5000219B','zzzzzzzz-zzzz-zzzz-zzzz-zzzzzzzzzzzz');
INSERT INTO `participate` (`user_id`,`project_id`) VALUES ('A5000219B','5069');
INSERT INTO `user` (`user_id`,`name`,`email`,`contact`,`user_type`,`food_preference`) VALUES
('A5000220B',' Patnaik Sritam ','a@nus.edu.sg',60000219,2,1);
INSERT INTO `enrolled` (`user_id`,`module_id`) VALUES ('A5000220B','zzzzzzzz-zzzz-zzzz-zzzz-zzzzzzzzzzzz');
INSERT INTO `participate` (`user_id`,`project_id`) VALUES ('A5000220B','5069');
INSERT INTO `project` (`title`,`project_id`,`module_id`,`abstract`,`poster`,`video`) VALUES 
('NUSCal ',5070,'zzzzzzzz-zzzz-zzzz-zzzz-zzzzzzzzzzzz','Losing track of all those modules deadlines? We feel you. NUSCal allows you to track your module deadlines and keep track of any NUS events you choose to sign up.','http://media.tumblr.com/3f81fad6ef163759fff8077580d94752/tumblr_inline_nj4nxkE0C21qersu1.png','https://www.youtube.com/watch?v=MYZfjfkwRII');
INSERT INTO `user` (`user_id`,`name`,`email`,`contact`,`user_type`,`food_preference`) VALUES
('A5000221B','Amitkumar Gamane','a@nus.edu.sg',60000220,2,1);
INSERT INTO `enrolled` (`user_id`,`module_id`) VALUES ('A5000221B','zzzzzzzz-zzzz-zzzz-zzzz-zzzzzzzzzzzz');
INSERT INTO `participate` (`user_id`,`project_id`) VALUES ('A5000221B','5070');
INSERT INTO `user` (`user_id`,`name`,`email`,`contact`,`user_type`,`food_preference`) VALUES
('A5000222B',' Jan Fredrik Dahlin','a@nus.edu.sg',60000221,2,1);
INSERT INTO `enrolled` (`user_id`,`module_id`) VALUES ('A5000222B','zzzzzzzz-zzzz-zzzz-zzzz-zzzzzzzzzzzz');
INSERT INTO `participate` (`user_id`,`project_id`) VALUES ('A5000222B','5070');
INSERT INTO `user` (`user_id`,`name`,`email`,`contact`,`user_type`,`food_preference`) VALUES
('A5000223B',' Michael Limantara','a@nus.edu.sg',60000222,2,1);
INSERT INTO `enrolled` (`user_id`,`module_id`) VALUES ('A5000223B','zzzzzzzz-zzzz-zzzz-zzzz-zzzzzzzzzzzz');
INSERT INTO `participate` (`user_id`,`project_id`) VALUES ('A5000223B','5070');
INSERT INTO `user` (`user_id`,`name`,`email`,`contact`,`user_type`,`food_preference`) VALUES
('A5000224B',' Tan Yui Wei (Chen Yuwei) ','a@nus.edu.sg',60000223,2,1);
INSERT INTO `enrolled` (`user_id`,`module_id`) VALUES ('A5000224B','zzzzzzzz-zzzz-zzzz-zzzz-zzzzzzzzzzzz');
INSERT INTO `participate` (`user_id`,`project_id`) VALUES ('A5000224B','5070');
