INSERT INTO `project` (`title`,`project_id`,`module_id`,`abstract`,`poster`,`video`) VALUES 
('FATAL ERROR  ',5000,'xxxxxxxx-xxxx-xxxx-xxxx-xxxxxxxxxxxx','A combination of singing games and endless running game that allows users to control running character窶冱 movement by singing (pitch of sound).','http://media.tumblr.com/3f81fad6ef163759fff8077580d94752/tumblr_inline_nj4nxkE0C21qersu1.png','https://www.youtube.com/watch?v=MYZfjfkwRII');
INSERT INTO `user` (`user_id`,`name`,`email`,`contact`,`user_type`,`food_preference`) VALUES
('A5000001B','HUANG WEILONG','a@nus.edu.sg',60000000,2,1);
INSERT INTO `enrolled` (`user_id`,`module_id`) VALUES ('A5000001B','xxxxxxxx-xxxx-xxxx-xxxx-xxxxxxxxxxxx');
INSERT INTO `participate` (`user_id`,`project_id`) VALUES ('A5000001B','5000');
INSERT INTO `user` (`user_id`,`name`,`email`,`contact`,`user_type`,`food_preference`) VALUES
('A5000002B',' LUO SHAOHUAI','a@nus.edu.sg',60000001,2,1);
INSERT INTO `enrolled` (`user_id`,`module_id`) VALUES ('A5000002B','xxxxxxxx-xxxx-xxxx-xxxx-xxxxxxxxxxxx');
INSERT INTO `participate` (`user_id`,`project_id`) VALUES ('A5000002B','5000');
INSERT INTO `user` (`user_id`,`name`,`email`,`contact`,`user_type`,`food_preference`) VALUES
('A5000003B',' XU CHEN','a@nus.edu.sg',60000002,2,1);
INSERT INTO `enrolled` (`user_id`,`module_id`) VALUES ('A5000003B','xxxxxxxx-xxxx-xxxx-xxxx-xxxxxxxxxxxx');
INSERT INTO `participate` (`user_id`,`project_id`) VALUES ('A5000003B','5000');
INSERT INTO `project` (`title`,`project_id`,`module_id`,`abstract`,`poster`,`video`) VALUES 
('Planck ',5001,'xxxxxxxx-xxxx-xxxx-xxxx-xxxxxxxxxxxx','Planck is a famous physicist and musician and Planck is a music-physics game to give you both sensory and mind enjoyment. Lights can be reflected, refracted, mixed and dispersed, and what you need to do is to put the optical devices in the right position. Then the light rays of different colors will travel in different path, towards different destination and finally give you a master piece of melody.','http://media.tumblr.com/3f81fad6ef163759fff8077580d94752/tumblr_inline_nj4nxkE0C21qersu1.png','https://www.youtube.com/watch?v=MYZfjfkwRII');
INSERT INTO `user` (`user_id`,`name`,`email`,`contact`,`user_type`,`food_preference`) VALUES
('A5000004B','JIANG SHENG','a@nus.edu.sg',60000003,2,1);
INSERT INTO `enrolled` (`user_id`,`module_id`) VALUES ('A5000004B','xxxxxxxx-xxxx-xxxx-xxxx-xxxxxxxxxxxx');
INSERT INTO `participate` (`user_id`,`project_id`) VALUES ('A5000004B','5001');
INSERT INTO `user` (`user_id`,`name`,`email`,`contact`,`user_type`,`food_preference`) VALUES
('A5000005B',' LEI MINGYU','a@nus.edu.sg',60000004,2,1);
INSERT INTO `enrolled` (`user_id`,`module_id`) VALUES ('A5000005B','xxxxxxxx-xxxx-xxxx-xxxx-xxxxxxxxxxxx');
INSERT INTO `participate` (`user_id`,`project_id`) VALUES ('A5000005B','5001');
INSERT INTO `user` (`user_id`,`name`,`email`,`contact`,`user_type`,`food_preference`) VALUES
('A5000006B',' WANG JINGHAN ','a@nus.edu.sg',60000005,2,1);
INSERT INTO `enrolled` (`user_id`,`module_id`) VALUES ('A5000006B','xxxxxxxx-xxxx-xxxx-xxxx-xxxxxxxxxxxx');
INSERT INTO `participate` (`user_id`,`project_id`) VALUES ('A5000006B','5001');
INSERT INTO `project` (`title`,`project_id`,`module_id`,`abstract`,`poster`,`video`) VALUES 
('窶泥ash- ',5002,'xxxxxxxx-xxxx-xxxx-xxxx-xxxxxxxxxxxx','Rhythm runner game with procedurally generated levels using personal music libraries on the iPhone. The player will have to jump over and duck under obstacles, and collect notes to earn points and progress in the game. These obstacles and notes will match the background music that the player select. Players compete on a online leaderboard for bragging rights.','http://media.tumblr.com/3f81fad6ef163759fff8077580d94752/tumblr_inline_nj4nxkE0C21qersu1.png','https://www.youtube.com/watch?v=MYZfjfkwRII');
INSERT INTO `user` (`user_id`,`name`,`email`,`contact`,`user_type`,`food_preference`) VALUES
('A5000007B','CAO SHENGZE','a@nus.edu.sg',60000006,2,1);
INSERT INTO `enrolled` (`user_id`,`module_id`) VALUES ('A5000007B','xxxxxxxx-xxxx-xxxx-xxxx-xxxxxxxxxxxx');
INSERT INTO `participate` (`user_id`,`project_id`) VALUES ('A5000007B','5002');
INSERT INTO `user` (`user_id`,`name`,`email`,`contact`,`user_type`,`food_preference`) VALUES
('A5000008B',' CHEAH KIT WENG','a@nus.edu.sg',60000007,2,1);
INSERT INTO `enrolled` (`user_id`,`module_id`) VALUES ('A5000008B','xxxxxxxx-xxxx-xxxx-xxxx-xxxxxxxxxxxx');
INSERT INTO `participate` (`user_id`,`project_id`) VALUES ('A5000008B','5002');
INSERT INTO `user` (`user_id`,`name`,`email`,`contact`,`user_type`,`food_preference`) VALUES
('A5000009B',' ELIAS REDA BOUTALEB','a@nus.edu.sg',60000008,2,1);
INSERT INTO `enrolled` (`user_id`,`module_id`) VALUES ('A5000009B','xxxxxxxx-xxxx-xxxx-xxxx-xxxxxxxxxxxx');
INSERT INTO `participate` (`user_id`,`project_id`) VALUES ('A5000009B','5002');
INSERT INTO `user` (`user_id`,`name`,`email`,`contact`,`user_type`,`food_preference`) VALUES
('A5000010B',' MUHAMMAD FAZLI B SAPUAN ','a@nus.edu.sg',60000009,2,1);
INSERT INTO `enrolled` (`user_id`,`module_id`) VALUES ('A5000010B','xxxxxxxx-xxxx-xxxx-xxxx-xxxxxxxxxxxx');
INSERT INTO `participate` (`user_id`,`project_id`) VALUES ('A5000010B','5002');
INSERT INTO `project` (`title`,`project_id`,`module_id`,`abstract`,`poster`,`video`) VALUES 
('Pacman Reloaded ',5003,'xxxxxxxx-xxxx-xxxx-xxxx-xxxxxxxxxxxx','The recent decades have seen explosions in two categories of games: some use their easy-to-comprehend yet creative game ideas to attract new users, whereas many others went on the other extreme. Pacman Reloaded is an iPad game that tries to integrate both the simplistic and the complex approaches. It is going to bring the old game onto another stage, taking advantage of the modern Internet and the iPad platform to support online, multiplayer version of the classic game.','http://media.tumblr.com/3f81fad6ef163759fff8077580d94752/tumblr_inline_nj4nxkE0C21qersu1.png','https://www.youtube.com/watch?v=MYZfjfkwRII');
INSERT INTO `user` (`user_id`,`name`,`email`,`contact`,`user_type`,`food_preference`) VALUES
('A5000011B','CHEN MINQI','a@nus.edu.sg',60000010,2,1);
INSERT INTO `enrolled` (`user_id`,`module_id`) VALUES ('A5000011B','xxxxxxxx-xxxx-xxxx-xxxx-xxxxxxxxxxxx');
INSERT INTO `participate` (`user_id`,`project_id`) VALUES ('A5000011B','5003');
INSERT INTO `user` (`user_id`,`name`,`email`,`contact`,`user_type`,`food_preference`) VALUES
('A5000012B',' PAN LONG','a@nus.edu.sg',60000011,2,1);
INSERT INTO `enrolled` (`user_id`,`module_id`) VALUES ('A5000012B','xxxxxxxx-xxxx-xxxx-xxxx-xxxxxxxxxxxx');
INSERT INTO `participate` (`user_id`,`project_id`) VALUES ('A5000012B','5003');
INSERT INTO `user` (`user_id`,`name`,`email`,`contact`,`user_type`,`food_preference`) VALUES
('A5000013B',' SU XUAN','a@nus.edu.sg',60000012,2,1);
INSERT INTO `enrolled` (`user_id`,`module_id`) VALUES ('A5000013B','xxxxxxxx-xxxx-xxxx-xxxx-xxxxxxxxxxxx');
INSERT INTO `participate` (`user_id`,`project_id`) VALUES ('A5000013B','5003');
INSERT INTO `user` (`user_id`,`name`,`email`,`contact`,`user_type`,`food_preference`) VALUES
('A5000014B',' ZHOU CHUYU ','a@nus.edu.sg',60000013,2,1);
INSERT INTO `enrolled` (`user_id`,`module_id`) VALUES ('A5000014B','xxxxxxxx-xxxx-xxxx-xxxx-xxxxxxxxxxxx');
INSERT INTO `participate` (`user_id`,`project_id`) VALUES ('A5000014B','5003');
INSERT INTO `project` (`title`,`project_id`,`module_id`,`abstract`,`poster`,`video`) VALUES 
('MahjongLeh! ',5004,'xxxxxxxx-xxxx-xxxx-xxxx-xxxxxxxxxxxx','MahjongLeh! is a 4-player, multi device, mahjong game that works on the iPhone and the iPad. The game follows the Singapore窶冱 twist on the popular table game. Compared to the other variations of Mahjong around the world, in Singapore Mahjong, we have an additional four animal tiles (mouse, cockerel, cat, and the centipede). Also, Singapore Mahjong has an alternative scoring system and winning criteria.','http://media.tumblr.com/3f81fad6ef163759fff8077580d94752/tumblr_inline_nj4nxkE0C21qersu1.png','https://www.youtube.com/watch?v=MYZfjfkwRII');
INSERT INTO `user` (`user_id`,`name`,`email`,`contact`,`user_type`,`food_preference`) VALUES
('A5000015B','ANG MING YI (HONG MINGYI)','a@nus.edu.sg',60000014,2,1);
INSERT INTO `enrolled` (`user_id`,`module_id`) VALUES ('A5000015B','xxxxxxxx-xxxx-xxxx-xxxx-xxxxxxxxxxxx');
INSERT INTO `participate` (`user_id`,`project_id`) VALUES ('A5000015B','5004');
INSERT INTO `user` (`user_id`,`name`,`email`,`contact`,`user_type`,`food_preference`) VALUES
('A5000016B',' CHEN JINGWEN','a@nus.edu.sg',60000015,2,1);
INSERT INTO `enrolled` (`user_id`,`module_id`) VALUES ('A5000016B','xxxxxxxx-xxxx-xxxx-xxxx-xxxxxxxxxxxx');
INSERT INTO `participate` (`user_id`,`project_id`) VALUES ('A5000016B','5004');
INSERT INTO `user` (`user_id`,`name`,`email`,`contact`,`user_type`,`food_preference`) VALUES
('A5000017B',' TAN KAI MENG WILSON','a@nus.edu.sg',60000016,2,1);
INSERT INTO `enrolled` (`user_id`,`module_id`) VALUES ('A5000017B','xxxxxxxx-xxxx-xxxx-xxxx-xxxxxxxxxxxx');
INSERT INTO `participate` (`user_id`,`project_id`) VALUES ('A5000017B','5004');
INSERT INTO `user` (`user_id`,`name`,`email`,`contact`,`user_type`,`food_preference`) VALUES
('A5000018B',' YEO QUAN YANG ','a@nus.edu.sg',60000017,2,1);
INSERT INTO `enrolled` (`user_id`,`module_id`) VALUES ('A5000018B','xxxxxxxx-xxxx-xxxx-xxxx-xxxxxxxxxxxx');
INSERT INTO `participate` (`user_id`,`project_id`) VALUES ('A5000018B','5004');
INSERT INTO `project` (`title`,`project_id`,`module_id`,`abstract`,`poster`,`video`) VALUES 
('LifeQuest ',5005,'xxxxxxxx-xxxx-xxxx-xxxx-xxxxxxxxxxxx','Lifestyle and productivity apps are a-plenty, but its difficult to make it a habit to use them unless the user has the innate motivation to do so. LifeQuest helps the user to keep track of goals, tasks and habit-forming activities by creating an in-depth, gamified tracking and analysis system to create an additional incentive for users to keep coming back to further enrich their lives. LifeQuest helps users to help themselves, and also makes the process fun!.','http://media.tumblr.com/3f81fad6ef163759fff8077580d94752/tumblr_inline_nj4nxkE0C21qersu1.png','https://www.youtube.com/watch?v=MYZfjfkwRII');
INSERT INTO `user` (`user_id`,`name`,`email`,`contact`,`user_type`,`food_preference`) VALUES
('A5000019B','HO TACK KIAN','a@nus.edu.sg',60000018,2,1);
INSERT INTO `enrolled` (`user_id`,`module_id`) VALUES ('A5000019B','xxxxxxxx-xxxx-xxxx-xxxx-xxxxxxxxxxxx');
INSERT INTO `participate` (`user_id`,`project_id`) VALUES ('A5000019B','5005');
INSERT INTO `user` (`user_id`,`name`,`email`,`contact`,`user_type`,`food_preference`) VALUES
('A5000020B',' TRUONG VIET TRUNG','a@nus.edu.sg',60000019,2,1);
INSERT INTO `enrolled` (`user_id`,`module_id`) VALUES ('A5000020B','xxxxxxxx-xxxx-xxxx-xxxx-xxxxxxxxxxxx');
INSERT INTO `participate` (`user_id`,`project_id`) VALUES ('A5000020B','5005');
INSERT INTO `user` (`user_id`,`name`,`email`,`contact`,`user_type`,`food_preference`) VALUES
('A5000021B',' WANG GAOXIANG ','a@nus.edu.sg',60000020,2,1);
INSERT INTO `enrolled` (`user_id`,`module_id`) VALUES ('A5000021B','xxxxxxxx-xxxx-xxxx-xxxx-xxxxxxxxxxxx');
INSERT INTO `participate` (`user_id`,`project_id`) VALUES ('A5000021B','5005');
INSERT INTO `project` (`title`,`project_id`,`module_id`,`abstract`,`poster`,`video`) VALUES 
('BioLifeTracker  ',5006,'xxxxxxxx-xxxx-xxxx-xxxx-xxxxxxxxxxxx','BioLifeTracker is an iOS application that provides a clean, simple and smart interface for Animal Behavior students to collect and analyse their research data. It is a smart application that intuitively guides the users to do their research and provides interactive visual analysis aids to help users see research trends.','http://media.tumblr.com/3f81fad6ef163759fff8077580d94752/tumblr_inline_nj4nxkE0C21qersu1.png','https://www.youtube.com/watch?v=MYZfjfkwRII');
INSERT INTO `user` (`user_id`,`name`,`email`,`contact`,`user_type`,`food_preference`) VALUES
('A5000022B','ANDHIEKA PUTRA','a@nus.edu.sg',60000021,2,1);
INSERT INTO `enrolled` (`user_id`,`module_id`) VALUES ('A5000022B','xxxxxxxx-xxxx-xxxx-xxxx-xxxxxxxxxxxx');
INSERT INTO `participate` (`user_id`,`project_id`) VALUES ('A5000022B','5006');
INSERT INTO `user` (`user_id`,`name`,`email`,`contact`,`user_type`,`food_preference`) VALUES
('A5000023B',' HARITHA RAMESH','a@nus.edu.sg',60000022,2,1);
INSERT INTO `enrolled` (`user_id`,`module_id`) VALUES ('A5000023B','xxxxxxxx-xxxx-xxxx-xxxx-xxxxxxxxxxxx');
INSERT INTO `participate` (`user_id`,`project_id`) VALUES ('A5000023B','5006');
INSERT INTO `user` (`user_id`,`name`,`email`,`contact`,`user_type`,`food_preference`) VALUES
('A5000024B',' LI JIA EN NICHOLETTE','a@nus.edu.sg',60000023,2,1);
INSERT INTO `enrolled` (`user_id`,`module_id`) VALUES ('A5000024B','xxxxxxxx-xxxx-xxxx-xxxx-xxxxxxxxxxxx');
INSERT INTO `participate` (`user_id`,`project_id`) VALUES ('A5000024B','5006');
INSERT INTO `user` (`user_id`,`name`,`email`,`contact`,`user_type`,`food_preference`) VALUES
('A5000025B',' TAN JIA MIN MICHELLE','a@nus.edu.sg',60000024,2,1);
INSERT INTO `enrolled` (`user_id`,`module_id`) VALUES ('A5000025B','xxxxxxxx-xxxx-xxxx-xxxx-xxxxxxxxxxxx');
INSERT INTO `participate` (`user_id`,`project_id`) VALUES ('A5000025B','5006');
INSERT INTO `project` (`title`,`project_id`,`module_id`,`abstract`,`poster`,`video`) VALUES 
('Memento ',5007,'xxxxxxxx-xxxx-xxxx-xxxx-xxxxxxxxxxxx','Create memory palaces to aid users to use the technique of association to remember/memorise content. Memory palaces are a way to remember content with association with visual images and places, and we aim to allow users to easily create these routes of images. Users can use their mobile device camera to aid them in their creations, as well as share their creations with their peers.','http://media.tumblr.com/3f81fad6ef163759fff8077580d94752/tumblr_inline_nj4nxkE0C21qersu1.png','https://www.youtube.com/watch?v=MYZfjfkwRII');
INSERT INTO `user` (`user_id`,`name`,`email`,`contact`,`user_type`,`food_preference`) VALUES
('A5000026B','ABDULLA ASLAM CONTRACTOR','a@nus.edu.sg',60000025,2,1);
INSERT INTO `enrolled` (`user_id`,`module_id`) VALUES ('A5000026B','xxxxxxxx-xxxx-xxxx-xxxx-xxxxxxxxxxxx');
INSERT INTO `participate` (`user_id`,`project_id`) VALUES ('A5000026B','5007');
INSERT INTO `user` (`user_id`,`name`,`email`,`contact`,`user_type`,`food_preference`) VALUES
('A5000027B',' CHEE WAI HON','a@nus.edu.sg',60000026,2,1);
INSERT INTO `enrolled` (`user_id`,`module_id`) VALUES ('A5000027B','xxxxxxxx-xxxx-xxxx-xxxx-xxxxxxxxxxxx');
INSERT INTO `participate` (`user_id`,`project_id`) VALUES ('A5000027B','5007');
INSERT INTO `user` (`user_id`,`name`,`email`,`contact`,`user_type`,`food_preference`) VALUES
('A5000028B',' LIM JING RONG','a@nus.edu.sg',60000027,2,1);
INSERT INTO `enrolled` (`user_id`,`module_id`) VALUES ('A5000028B','xxxxxxxx-xxxx-xxxx-xxxx-xxxxxxxxxxxx');
INSERT INTO `participate` (`user_id`,`project_id`) VALUES ('A5000028B','5007');
INSERT INTO `user` (`user_id`,`name`,`email`,`contact`,`user_type`,`food_preference`) VALUES
('A5000029B',' QUA ZI XIAN ','a@nus.edu.sg',60000028,2,1);
INSERT INTO `enrolled` (`user_id`,`module_id`) VALUES ('A5000029B','xxxxxxxx-xxxx-xxxx-xxxx-xxxxxxxxxxxx');
INSERT INTO `participate` (`user_id`,`project_id`) VALUES ('A5000029B','5007');
INSERT INTO `project` (`title`,`project_id`,`module_id`,`abstract`,`poster`,`video`) VALUES 
('Cattle Battle ',5008,'xxxxxxxx-xxxx-xxxx-xxxx-xxxxxxxxxxxx','A funny battle between 2 farms, each farm will use their cute cattle to defend against enemys attacks. Player can also use cattle to attack back. Different cattle will have different strength and speed. Player can wisely strategize their choice to win. Furthermore, some superb animals with special power may appear randomly to your farm and help you in the battle. Are you ready to protect your farm?','http://media.tumblr.com/3f81fad6ef163759fff8077580d94752/tumblr_inline_nj4nxkE0C21qersu1.png','https://www.youtube.com/watch?v=MYZfjfkwRII');
INSERT INTO `user` (`user_id`,`name`,`email`,`contact`,`user_type`,`food_preference`) VALUES
('A5000030B','DING MING','a@nus.edu.sg',60000029,2,1);
INSERT INTO `enrolled` (`user_id`,`module_id`) VALUES ('A5000030B','xxxxxxxx-xxxx-xxxx-xxxx-xxxxxxxxxxxx');
INSERT INTO `participate` (`user_id`,`project_id`) VALUES ('A5000030B','5008');
INSERT INTO `user` (`user_id`,`name`,`email`,`contact`,`user_type`,`food_preference`) VALUES
('A5000031B',' DUONG THANH DAT','a@nus.edu.sg',60000030,2,1);
INSERT INTO `enrolled` (`user_id`,`module_id`) VALUES ('A5000031B','xxxxxxxx-xxxx-xxxx-xxxx-xxxxxxxxxxxx');
INSERT INTO `participate` (`user_id`,`project_id`) VALUES ('A5000031B','5008');
INSERT INTO `user` (`user_id`,`name`,`email`,`contact`,`user_type`,`food_preference`) VALUES
('A5000032B',' NGUYEN VIET DUNG','a@nus.edu.sg',60000031,2,1);
INSERT INTO `enrolled` (`user_id`,`module_id`) VALUES ('A5000032B','xxxxxxxx-xxxx-xxxx-xxxx-xxxxxxxxxxxx');
INSERT INTO `participate` (`user_id`,`project_id`) VALUES ('A5000032B','5008');
INSERT INTO `user` (`user_id`,`name`,`email`,`contact`,`user_type`,`food_preference`) VALUES
('A5000033B',' TRAN CONG THIEN','a@nus.edu.sg',60000032,2,1);
INSERT INTO `enrolled` (`user_id`,`module_id`) VALUES ('A5000033B','xxxxxxxx-xxxx-xxxx-xxxx-xxxxxxxxxxxx');
INSERT INTO `participate` (`user_id`,`project_id`) VALUES ('A5000033B','5008');
INSERT INTO `project` (`title`,`project_id`,`module_id`,`abstract`,`poster`,`video`) VALUES 
('Cattac ',5009,'xxxxxxxx-xxxx-xxxx-xxxx-xxxxxxxxxxxx','Cattac is a casual and cute cat-themed iOS turn based game, where each player plan their action for the next turn simultaneously. All actions are then executed simultaneously. Gameplay will be on a grid that is square. The grid will be populated with nodes and have a randomly generated level (randomised doodads, events, items e.t.c. on each node) each time the game is played. This ensures that the game does not get stale even with multiple playthroughs with other cats.','http://media.tumblr.com/3f81fad6ef163759fff8077580d94752/tumblr_inline_nj4nxkE0C21qersu1.png','https://www.youtube.com/watch?v=MYZfjfkwRII');
INSERT INTO `user` (`user_id`,`name`,`email`,`contact`,`user_type`,`food_preference`) VALUES
('A5000034B','KHONG WAI HOW STEVEN','a@nus.edu.sg',60000033,2,1);
INSERT INTO `enrolled` (`user_id`,`module_id`) VALUES ('A5000034B','xxxxxxxx-xxxx-xxxx-xxxx-xxxxxxxxxxxx');
INSERT INTO `participate` (`user_id`,`project_id`) VALUES ('A5000034B','5009');
INSERT INTO `user` (`user_id`,`name`,`email`,`contact`,`user_type`,`food_preference`) VALUES
('A5000035B',' WU DI','a@nus.edu.sg',60000034,2,1);
INSERT INTO `enrolled` (`user_id`,`module_id`) VALUES ('A5000035B','xxxxxxxx-xxxx-xxxx-xxxx-xxxxxxxxxxxx');
INSERT INTO `participate` (`user_id`,`project_id`) VALUES ('A5000035B','5009');
INSERT INTO `user` (`user_id`,`name`,`email`,`contact`,`user_type`,`food_preference`) VALUES
('A5000036B',' YAP JUN HAO ','a@nus.edu.sg',60000035,2,1);
INSERT INTO `enrolled` (`user_id`,`module_id`) VALUES ('A5000036B','xxxxxxxx-xxxx-xxxx-xxxx-xxxxxxxxxxxx');
INSERT INTO `participate` (`user_id`,`project_id`) VALUES ('A5000036B','5009');
INSERT INTO `project` (`title`,`project_id`,`module_id`,`abstract`,`poster`,`video`) VALUES 
('CrossFeed ',5010,'xxxxxxxx-xxxx-xxxx-xxxx-xxxxxxxxxxxx','CrossFeed supercharges your knowledge of current affairs with bite-sized headlines in a fun and engaging manner. Designed to fit the lifestyle of daily commuters, CrossFeed aggregates news based on your interests and present it in your very own crossword-like puzzle. With story mode, time trials and zen mode, it caters to the adventurous, fun-seeking players and avid readers. What窶冱 more, you can even play it with friends!','http://media.tumblr.com/3f81fad6ef163759fff8077580d94752/tumblr_inline_nj4nxkE0C21qersu1.png','https://www.youtube.com/watch?v=MYZfjfkwRII');
INSERT INTO `user` (`user_id`,`name`,`email`,`contact`,`user_type`,`food_preference`) VALUES
('A5000037B','HAN EN CHOU','a@nus.edu.sg',60000036,2,1);
INSERT INTO `enrolled` (`user_id`,`module_id`) VALUES ('A5000037B','xxxxxxxx-xxxx-xxxx-xxxx-xxxxxxxxxxxx');
INSERT INTO `participate` (`user_id`,`project_id`) VALUES ('A5000037B','5010');
INSERT INTO `user` (`user_id`,`name`,`email`,`contact`,`user_type`,`food_preference`) VALUES
('A5000038B',' LIN XUANYI','a@nus.edu.sg',60000037,2,1);
INSERT INTO `enrolled` (`user_id`,`module_id`) VALUES ('A5000038B','xxxxxxxx-xxxx-xxxx-xxxx-xxxxxxxxxxxx');
INSERT INTO `participate` (`user_id`,`project_id`) VALUES ('A5000038B','5010');
INSERT INTO `user` (`user_id`,`name`,`email`,`contact`,`user_type`,`food_preference`) VALUES
('A5000039B',' SUE ZHENG HAO','a@nus.edu.sg',60000038,2,1);
INSERT INTO `enrolled` (`user_id`,`module_id`) VALUES ('A5000039B','xxxxxxxx-xxxx-xxxx-xxxx-xxxxxxxxxxxx');
INSERT INTO `participate` (`user_id`,`project_id`) VALUES ('A5000039B','5010');
INSERT INTO `user` (`user_id`,`name`,`email`,`contact`,`user_type`,`food_preference`) VALUES
('A5000040B',' SUN WANG JUN ','a@nus.edu.sg',60000039,2,1);
INSERT INTO `enrolled` (`user_id`,`module_id`) VALUES ('A5000040B','xxxxxxxx-xxxx-xxxx-xxxx-xxxxxxxxxxxx');
INSERT INTO `participate` (`user_id`,`project_id`) VALUES ('A5000040B','5010');