INSERT INTO `project` (`title`,`project_id`,`module_id`,`abstract`,`poster`,`video`) VALUES 
('Clyde VR - Liberating Exercise Bikes ',5017,'pppppppp-pppp-pppp-pppp-pppppppppppp','http://freethewheels.wordpress.com. Exercise bicycles are boring and there has never been a truly fun and engaging user experience. Clyde VR is offering a novel user experience in riding exercise bicycles through Virtual Reality. The stereoscopic headmount gives you a full 360ﾂｰ viewing experience as if you are cycling on the street; and the Anklet tracks your performance such as the distance traveled and calories burned, displayed right in front of your eyes as you pedal. With Clyde VR, you can also connect with your friends and compete your way to new locations around the world. We liberate exercise bicycles.','http://media.tumblr.com/3f81fad6ef163759fff8077580d94752/tumblr_inline_nj4nxkE0C21qersu1.png','https://www.youtube.com/watch?v=MYZfjfkwRII');
INSERT INTO `user` (`user_id`,`name`,`email`,`contact`,`user_type`,`food_preference`) VALUES
('A5000059B','Ajie Nayaka Nikicio Denny','a@nus.edu.sg',60000058,2,1);
INSERT INTO `enrolled` (`user_id`,`module_id`) VALUES ('A5000059B','pppppppp-pppp-pppp-pppp-pppppppppppp');
INSERT INTO `participate` (`user_id`,`project_id`) VALUES ('A5000059B','5017');
INSERT INTO `user` (`user_id`,`name`,`email`,`contact`,`user_type`,`food_preference`) VALUES
('A5000060B',' Leonardo Sjahputra','a@nus.edu.sg',60000059,2,1);
INSERT INTO `enrolled` (`user_id`,`module_id`) VALUES ('A5000060B','pppppppp-pppp-pppp-pppp-pppppppppppp');
INSERT INTO `participate` (`user_id`,`project_id`) VALUES ('A5000060B','5017');
INSERT INTO `user` (`user_id`,`name`,`email`,`contact`,`user_type`,`food_preference`) VALUES
('A5000061B',' Michael Messell','a@nus.edu.sg',60000060,2,1);
INSERT INTO `enrolled` (`user_id`,`module_id`) VALUES ('A5000061B','pppppppp-pppp-pppp-pppp-pppppppppppp');
INSERT INTO `participate` (`user_id`,`project_id`) VALUES ('A5000061B','5017');
INSERT INTO `user` (`user_id`,`name`,`email`,`contact`,`user_type`,`food_preference`) VALUES
('A5000062B',' Tong Mingshuo ','a@nus.edu.sg',60000061,2,1);
INSERT INTO `enrolled` (`user_id`,`module_id`) VALUES ('A5000062B','pppppppp-pppp-pppp-pppp-pppppppppppp');
INSERT INTO `participate` (`user_id`,`project_id`) VALUES ('A5000062B','5017');
INSERT INTO `project` (`title`,`project_id`,`module_id`,`abstract`,`poster`,`video`) VALUES 
('Self-Checkout Machines ',5018,'pppppppp-pppp-pppp-pppp-pppppppppppp','Despite the existence of self-checkout machines in supermarkets, not many people use them. Instead, they still prefer using the traditional method of payment through the cashiers. The self-checkout machines currently fail to attain their purpose of reducing long queues and reducing manpower. Hence, we aim to explore this problem in greater depth and propose a solution.','http://media.tumblr.com/3f81fad6ef163759fff8077580d94752/tumblr_inline_nj4nxkE0C21qersu1.png','https://www.youtube.com/watch?v=MYZfjfkwRII');
INSERT INTO `user` (`user_id`,`name`,`email`,`contact`,`user_type`,`food_preference`) VALUES
('A5000063B','Dao En','a@nus.edu.sg',60000062,2,1);
INSERT INTO `enrolled` (`user_id`,`module_id`) VALUES ('A5000063B','pppppppp-pppp-pppp-pppp-pppppppppppp');
INSERT INTO `participate` (`user_id`,`project_id`) VALUES ('A5000063B','5018');
INSERT INTO `user` (`user_id`,`name`,`email`,`contact`,`user_type`,`food_preference`) VALUES
('A5000064B',' Payal Amarnani','a@nus.edu.sg',60000063,2,1);
INSERT INTO `enrolled` (`user_id`,`module_id`) VALUES ('A5000064B','pppppppp-pppp-pppp-pppp-pppppppppppp');
INSERT INTO `participate` (`user_id`,`project_id`) VALUES ('A5000064B','5018');
INSERT INTO `user` (`user_id`,`name`,`email`,`contact`,`user_type`,`food_preference`) VALUES
('A5000065B',' Viraj Khuthia','a@nus.edu.sg',60000064,2,1);
INSERT INTO `enrolled` (`user_id`,`module_id`) VALUES ('A5000065B','pppppppp-pppp-pppp-pppp-pppppppppppp');
INSERT INTO `participate` (`user_id`,`project_id`) VALUES ('A5000065B','5018');
INSERT INTO `user` (`user_id`,`name`,`email`,`contact`,`user_type`,`food_preference`) VALUES
('A5000066B',' Nguyen Uyen ','a@nus.edu.sg',60000065,2,1);
INSERT INTO `enrolled` (`user_id`,`module_id`) VALUES ('A5000066B','pppppppp-pppp-pppp-pppp-pppppppppppp');
INSERT INTO `participate` (`user_id`,`project_id`) VALUES ('A5000066B','5018');
INSERT INTO `project` (`title`,`project_id`,`module_id`,`abstract`,`poster`,`video`) VALUES 
('VivoDirect ',5019,'pppppppp-pppp-pppp-pppp-pppppppppppp','VivoDirect aims to enhance and provide an alternative to the current mall directory board of VivoCity in terms of accessibility and comprehensiveness. Instead of looking for a physical directory board, only to find a crowd or get lost, users can simply connect to the VivoCity Wi-Fi using their mobile phone, and they will be presented the landing page of the directory. It provides the users with efficient ways to search for a store, navigate in VivoCity, and view ongoing and upcoming promotions. Overall, its purpose is to help users save time and have a better shopping experience.','http://media.tumblr.com/3f81fad6ef163759fff8077580d94752/tumblr_inline_nj4nxkE0C21qersu1.png','https://www.youtube.com/watch?v=MYZfjfkwRII');
INSERT INTO `user` (`user_id`,`name`,`email`,`contact`,`user_type`,`food_preference`) VALUES
('A5000067B','HOU LIWEN','a@nus.edu.sg',60000066,2,1);
INSERT INTO `enrolled` (`user_id`,`module_id`) VALUES ('A5000067B','pppppppp-pppp-pppp-pppp-pppppppppppp');
INSERT INTO `participate` (`user_id`,`project_id`) VALUES ('A5000067B','5019');
INSERT INTO `user` (`user_id`,`name`,`email`,`contact`,`user_type`,`food_preference`) VALUES
('A5000068B',' LI QINGXI','a@nus.edu.sg',60000067,2,1);
INSERT INTO `enrolled` (`user_id`,`module_id`) VALUES ('A5000068B','pppppppp-pppp-pppp-pppp-pppppppppppp');
INSERT INTO `participate` (`user_id`,`project_id`) VALUES ('A5000068B','5019');
INSERT INTO `user` (`user_id`,`name`,`email`,`contact`,`user_type`,`food_preference`) VALUES
('A5000069B',' LIN YU TING','a@nus.edu.sg',60000068,2,1);
INSERT INTO `enrolled` (`user_id`,`module_id`) VALUES ('A5000069B','pppppppp-pppp-pppp-pppp-pppppppppppp');
INSERT INTO `participate` (`user_id`,`project_id`) VALUES ('A5000069B','5019');
INSERT INTO `user` (`user_id`,`name`,`email`,`contact`,`user_type`,`food_preference`) VALUES
('A5000070B',' TAN JYE HOW JONATHAN','a@nus.edu.sg',60000069,2,1);
INSERT INTO `enrolled` (`user_id`,`module_id`) VALUES ('A5000070B','pppppppp-pppp-pppp-pppp-pppppppppppp');
INSERT INTO `participate` (`user_id`,`project_id`) VALUES ('A5000070B','5019');
INSERT INTO `user` (`user_id`,`name`,`email`,`contact`,`user_type`,`food_preference`) VALUES
('A5000071B',' DINH HOANG PHUONG UYEN ','a@nus.edu.sg',60000070,2,1);
INSERT INTO `enrolled` (`user_id`,`module_id`) VALUES ('A5000071B','pppppppp-pppp-pppp-pppp-pppppppppppp');
INSERT INTO `participate` (`user_id`,`project_id`) VALUES ('A5000071B','5019');
INSERT INTO `project` (`title`,`project_id`,`module_id`,`abstract`,`poster`,`video`) VALUES 
('TBC',5020,'pppppppp-pppp-pppp-pppp-pppppppppppp','TBC CS3240','http://media.tumblr.com/3f81fad6ef163759fff8077580d94752/tumblr_inline_nj4nxkE0C21qersu1.png','https://www.youtube.com/watch?v=MYZfjfkwRII');
INSERT INTO `project` (`title`,`project_id`,`module_id`,`abstract`,`poster`,`video`) VALUES 
('TagTime: An Interactive Timer and Stopwatch User Interface utilizing Near Field Communication(NFC) Tags. ',5021,'pppppppp-pppp-pppp-pppp-pppppppppppp','Current timers and stopwatches in our society do have certain disadvantages when using them. For integrated timers in smartphones, a pertinent problem is that it requires many steps to locate and activate the timer within the phone窶冱 vast array of applications. External timers/stopwatches are significantly easier to operate, but are not always as accessible as stopwatches/timers inside the phone as one it requires an additional accessory to be carried them around. In general, both groups of timers and stopwatches also lack the ability to concurrently start multiple timers and stopwatches, and also are generally unable to identify in detail what each timer/stopwatch is used for. Thus this project seems to improve the user窶冱 experience of using a timer and stopwatch function by making it easier and more accessible for the user to activate the timer/stopwatch on a smartphone through reducing button presses, while ensuring better capabilities.','http://media.tumblr.com/3f81fad6ef163759fff8077580d94752/tumblr_inline_nj4nxkE0C21qersu1.png','https://www.youtube.com/watch?v=MYZfjfkwRII');
INSERT INTO `user` (`user_id`,`name`,`email`,`contact`,`user_type`,`food_preference`) VALUES
('A5000072B','HOANG THE HUAN','a@nus.edu.sg',60000071,2,1);
INSERT INTO `enrolled` (`user_id`,`module_id`) VALUES ('A5000072B','pppppppp-pppp-pppp-pppp-pppppppppppp');
INSERT INTO `participate` (`user_id`,`project_id`) VALUES ('A5000072B','5021');
INSERT INTO `user` (`user_id`,`name`,`email`,`contact`,`user_type`,`food_preference`) VALUES
('A5000073B',' LIM WANCAI DARYL','a@nus.edu.sg',60000072,2,1);
INSERT INTO `enrolled` (`user_id`,`module_id`) VALUES ('A5000073B','pppppppp-pppp-pppp-pppp-pppppppppppp');
INSERT INTO `participate` (`user_id`,`project_id`) VALUES ('A5000073B','5021');
INSERT INTO `user` (`user_id`,`name`,`email`,`contact`,`user_type`,`food_preference`) VALUES
('A5000074B',' NG WENBIN REICO MAYNARD','a@nus.edu.sg',60000073,2,1);
INSERT INTO `enrolled` (`user_id`,`module_id`) VALUES ('A5000074B','pppppppp-pppp-pppp-pppp-pppppppppppp');
INSERT INTO `participate` (`user_id`,`project_id`) VALUES ('A5000074B','5021');
INSERT INTO `user` (`user_id`,`name`,`email`,`contact`,`user_type`,`food_preference`) VALUES
('A5000075B',' QIU YUNHAN ','a@nus.edu.sg',60000074,2,1);
INSERT INTO `enrolled` (`user_id`,`module_id`) VALUES ('A5000075B','pppppppp-pppp-pppp-pppp-pppppppppppp');
INSERT INTO `participate` (`user_id`,`project_id`) VALUES ('A5000075B','5021');
INSERT INTO `project` (`title`,`project_id`,`module_id`,`abstract`,`poster`,`video`) VALUES 
('Subber ',5022,'pppppppp-pppp-pppp-pppp-pppppppppppp','A mobile application for supper goers to organise supper with their friends, find out how to travel to the supper location, allow them to book a bus service to transport them to their desired location, and also to fetch them home.','http://media.tumblr.com/3f81fad6ef163759fff8077580d94752/tumblr_inline_nj4nxkE0C21qersu1.png','https://www.youtube.com/watch?v=MYZfjfkwRII');
INSERT INTO `user` (`user_id`,`name`,`email`,`contact`,`user_type`,`food_preference`) VALUES
('A5000076B','ANG HWEE LIN','a@nus.edu.sg',60000075,2,1);
INSERT INTO `enrolled` (`user_id`,`module_id`) VALUES ('A5000076B','pppppppp-pppp-pppp-pppp-pppppppppppp');
INSERT INTO `participate` (`user_id`,`project_id`) VALUES ('A5000076B','5022');
INSERT INTO `user` (`user_id`,`name`,`email`,`contact`,`user_type`,`food_preference`) VALUES
('A5000077B',' CHONG JIA','a@nus.edu.sg',60000076,2,1);
INSERT INTO `enrolled` (`user_id`,`module_id`) VALUES ('A5000077B','pppppppp-pppp-pppp-pppp-pppppppppppp');
INSERT INTO `participate` (`user_id`,`project_id`) VALUES ('A5000077B','5022');
INSERT INTO `user` (`user_id`,`name`,`email`,`contact`,`user_type`,`food_preference`) VALUES
('A5000078B',' WEI JOEL NG','a@nus.edu.sg',60000077,2,1);
INSERT INTO `enrolled` (`user_id`,`module_id`) VALUES ('A5000078B','pppppppp-pppp-pppp-pppp-pppppppppppp');
INSERT INTO `participate` (`user_id`,`project_id`) VALUES ('A5000078B','5022');
INSERT INTO `user` (`user_id`,`name`,`email`,`contact`,`user_type`,`food_preference`) VALUES
('A5000079B',' RAYMOND CHENG ','a@nus.edu.sg',60000078,2,1);
INSERT INTO `enrolled` (`user_id`,`module_id`) VALUES ('A5000079B','pppppppp-pppp-pppp-pppp-pppppppppppp');
INSERT INTO `participate` (`user_id`,`project_id`) VALUES ('A5000079B','5022');
INSERT INTO `project` (`title`,`project_id`,`module_id`,`abstract`,`poster`,`video`) VALUES 
('TBC',5023,'pppppppp-pppp-pppp-pppp-pppppppppppp','TBC CS3240','http://media.tumblr.com/3f81fad6ef163759fff8077580d94752/tumblr_inline_nj4nxkE0C21qersu1.png','https://www.youtube.com/watch?v=MYZfjfkwRII');
INSERT INTO `project` (`title`,`project_id`,`module_id`,`abstract`,`poster`,`video`) VALUES 
('NUSSUP ',5024,'pppppppp-pppp-pppp-pppp-pppppppppppp','We observe that NUS students currently do not have a centralised platform for them to find out about school events in a systematic manner. The main student portal - IVLE and other channels such as email blast and notice boards only provide information in a uncategorised manner, which does not help students who would like to search for activities and events that are of their own interest. We would thus like to explore and tackle this problem to come up with a platform for students to keep up with school event news more effectively. Our app targets NUS undergraduate students, especially year 1 and 2 students, who are rather unclear about various school information and school events as they are relatively newer to NUS. They are however more concerned about where and how to find details regarding student窶冱 organised events, since they generally have more time to participate, and are more in need of certain opportunities and activities to help them gain experience or interpersonal skills as an undergraduate student.','http://media.tumblr.com/3f81fad6ef163759fff8077580d94752/tumblr_inline_nj4nxkE0C21qersu1.png','https://www.youtube.com/watch?v=MYZfjfkwRII');
INSERT INTO `user` (`user_id`,`name`,`email`,`contact`,`user_type`,`food_preference`) VALUES
('A5000080B','Nicholas Ooi Hsien Loong','a@nus.edu.sg',60000079,2,1);
INSERT INTO `enrolled` (`user_id`,`module_id`) VALUES ('A5000080B','pppppppp-pppp-pppp-pppp-pppppppppppp');
INSERT INTO `participate` (`user_id`,`project_id`) VALUES ('A5000080B','5024');
INSERT INTO `user` (`user_id`,`name`,`email`,`contact`,`user_type`,`food_preference`) VALUES
('A5000081B',' Nguyen Thanh Ha','a@nus.edu.sg',60000080,2,1);
INSERT INTO `enrolled` (`user_id`,`module_id`) VALUES ('A5000081B','pppppppp-pppp-pppp-pppp-pppppppppppp');
INSERT INTO `participate` (`user_id`,`project_id`) VALUES ('A5000081B','5024');
INSERT INTO `user` (`user_id`,`name`,`email`,`contact`,`user_type`,`food_preference`) VALUES
('A5000082B',' Lee Jianwei','a@nus.edu.sg',60000081,2,1);
INSERT INTO `enrolled` (`user_id`,`module_id`) VALUES ('A5000082B','pppppppp-pppp-pppp-pppp-pppppppppppp');
INSERT INTO `participate` (`user_id`,`project_id`) VALUES ('A5000082B','5024');
INSERT INTO `user` (`user_id`,`name`,`email`,`contact`,`user_type`,`food_preference`) VALUES
('A5000083B',' Neo Kian Hwee Edison','a@nus.edu.sg',60000082,2,1);
INSERT INTO `enrolled` (`user_id`,`module_id`) VALUES ('A5000083B','pppppppp-pppp-pppp-pppp-pppppppppppp');
INSERT INTO `participate` (`user_id`,`project_id`) VALUES ('A5000083B','5024');
INSERT INTO `user` (`user_id`,`name`,`email`,`contact`,`user_type`,`food_preference`) VALUES
('A5000084B',' Parag Bhatnagar ','a@nus.edu.sg',60000083,2,1);
INSERT INTO `enrolled` (`user_id`,`module_id`) VALUES ('A5000084B','pppppppp-pppp-pppp-pppp-pppppppppppp');
INSERT INTO `participate` (`user_id`,`project_id`) VALUES ('A5000084B','5024');
INSERT INTO `project` (`title`,`project_id`,`module_id`,`abstract`,`poster`,`video`) VALUES 
('ModFeed ',5025,'pppppppp-pppp-pppp-pppp-pppppppppppp','We will be looking at improving the user experiences of IVLE workbin and announcements features by making it more intuitive and helpful for current and incoming students.','http://media.tumblr.com/3f81fad6ef163759fff8077580d94752/tumblr_inline_nj4nxkE0C21qersu1.png','https://www.youtube.com/watch?v=MYZfjfkwRII');
INSERT INTO `user` (`user_id`,`name`,`email`,`contact`,`user_type`,`food_preference`) VALUES
('A5000085B','SUE ZHENG HAO','a@nus.edu.sg',60000084,2,1);
INSERT INTO `enrolled` (`user_id`,`module_id`) VALUES ('A5000085B','pppppppp-pppp-pppp-pppp-pppppppppppp');
INSERT INTO `participate` (`user_id`,`project_id`) VALUES ('A5000085B','5025');
INSERT INTO `user` (`user_id`,`name`,`email`,`contact`,`user_type`,`food_preference`) VALUES
('A5000086B',' HUANG WEI LING','a@nus.edu.sg',60000085,2,1);
INSERT INTO `enrolled` (`user_id`,`module_id`) VALUES ('A5000086B','pppppppp-pppp-pppp-pppp-pppppppppppp');
INSERT INTO `participate` (`user_id`,`project_id`) VALUES ('A5000086B','5025');
INSERT INTO `user` (`user_id`,`name`,`email`,`contact`,`user_type`,`food_preference`) VALUES
('A5000087B',' JOANNE MAH JIA WEN','a@nus.edu.sg',60000086,2,1);
INSERT INTO `enrolled` (`user_id`,`module_id`) VALUES ('A5000087B','pppppppp-pppp-pppp-pppp-pppppppppppp');
INSERT INTO `participate` (`user_id`,`project_id`) VALUES ('A5000087B','5025');
INSERT INTO `user` (`user_id`,`name`,`email`,`contact`,`user_type`,`food_preference`) VALUES
('A5000088B',' ZHANG QIN YUAN ','a@nus.edu.sg',60000087,2,1);
INSERT INTO `enrolled` (`user_id`,`module_id`) VALUES ('A5000088B','pppppppp-pppp-pppp-pppp-pppppppppppp');
INSERT INTO `participate` (`user_id`,`project_id`) VALUES ('A5000088B','5025');
INSERT INTO `project` (`title`,`project_id`,`module_id`,`abstract`,`poster`,`video`) VALUES 
('TBC',5026,'pppppppp-pppp-pppp-pppp-pppppppppppp','TBC CS3240','http://media.tumblr.com/3f81fad6ef163759fff8077580d94752/tumblr_inline_nj4nxkE0C21qersu1.png','https://www.youtube.com/watch?v=MYZfjfkwRII');
INSERT INTO `project` (`title`,`project_id`,`module_id`,`abstract`,`poster`,`video`) VALUES 
('iBUS- A travel app for NUS ',5027,'pppppppp-pppp-pppp-pppp-pppppppppppp','Everyday, commuters in NUS experience the pain of waiting for buses, looking at inaccurate bus arrival timings and are filled with uncertainty of whether the buses they are waiting for are too crowded to board.Thus, in this project, we hope to address this problem by creating an app called iBus, which will be a journey planner/tracker and a bus tracking app specifically for NUS.','http://media.tumblr.com/3f81fad6ef163759fff8077580d94752/tumblr_inline_nj4nxkE0C21qersu1.png','https://www.youtube.com/watch?v=MYZfjfkwRII');
INSERT INTO `user` (`user_id`,`name`,`email`,`contact`,`user_type`,`food_preference`) VALUES
('A5000089B','CHUA HAO ENG','a@nus.edu.sg',60000088,2,1);
INSERT INTO `enrolled` (`user_id`,`module_id`) VALUES ('A5000089B','pppppppp-pppp-pppp-pppp-pppppppppppp');
INSERT INTO `participate` (`user_id`,`project_id`) VALUES ('A5000089B','5027');
INSERT INTO `user` (`user_id`,`name`,`email`,`contact`,`user_type`,`food_preference`) VALUES
('A5000090B',' JASON TEO BOON KUANG','a@nus.edu.sg',60000089,2,1);
INSERT INTO `enrolled` (`user_id`,`module_id`) VALUES ('A5000090B','pppppppp-pppp-pppp-pppp-pppppppppppp');
INSERT INTO `participate` (`user_id`,`project_id`) VALUES ('A5000090B','5027');
INSERT INTO `user` (`user_id`,`name`,`email`,`contact`,`user_type`,`food_preference`) VALUES
('A5000091B',' LIU YUANRUI','a@nus.edu.sg',60000090,2,1);
INSERT INTO `enrolled` (`user_id`,`module_id`) VALUES ('A5000091B','pppppppp-pppp-pppp-pppp-pppppppppppp');
INSERT INTO `participate` (`user_id`,`project_id`) VALUES ('A5000091B','5027');
INSERT INTO `user` (`user_id`,`name`,`email`,`contact`,`user_type`,`food_preference`) VALUES
('A5000092B',' TAMANA ANNA THARAKAN','a@nus.edu.sg',60000091,2,1);
INSERT INTO `enrolled` (`user_id`,`module_id`) VALUES ('A5000092B','pppppppp-pppp-pppp-pppp-pppppppppppp');
INSERT INTO `participate` (`user_id`,`project_id`) VALUES ('A5000092B','5027');
INSERT INTO `user` (`user_id`,`name`,`email`,`contact`,`user_type`,`food_preference`) VALUES
('A5000093B',' LI YIZHE','a@nus.edu.sg',60000092,2,1);
INSERT INTO `enrolled` (`user_id`,`module_id`) VALUES ('A5000093B','pppppppp-pppp-pppp-pppp-pppppppppppp');
INSERT INTO `participate` (`user_id`,`project_id`) VALUES ('A5000093B','5027');
INSERT INTO `project` (`title`,`project_id`,`module_id`,`abstract`,`poster`,`video`) VALUES 
('OneNUS ',5028,'pppppppp-pppp-pppp-pppp-pppppppppppp','An unification of various NUS services into a mobile application.','http://media.tumblr.com/3f81fad6ef163759fff8077580d94752/tumblr_inline_nj4nxkE0C21qersu1.png','https://www.youtube.com/watch?v=MYZfjfkwRII');
INSERT INTO `user` (`user_id`,`name`,`email`,`contact`,`user_type`,`food_preference`) VALUES
('A5000094B','Samuel Lim Yi Jie','a@nus.edu.sg',60000093,2,1);
INSERT INTO `enrolled` (`user_id`,`module_id`) VALUES ('A5000094B','pppppppp-pppp-pppp-pppp-pppppppppppp');
INSERT INTO `participate` (`user_id`,`project_id`) VALUES ('A5000094B','5028');
INSERT INTO `user` (`user_id`,`name`,`email`,`contact`,`user_type`,`food_preference`) VALUES
('A5000095B',' Bay Chuan Wei','a@nus.edu.sg',60000094,2,1);
INSERT INTO `enrolled` (`user_id`,`module_id`) VALUES ('A5000095B','pppppppp-pppp-pppp-pppp-pppppppppppp');
INSERT INTO `participate` (`user_id`,`project_id`) VALUES ('A5000095B','5028');
INSERT INTO `user` (`user_id`,`name`,`email`,`contact`,`user_type`,`food_preference`) VALUES
('A5000096B',' Tan Xiao Yan Joan','a@nus.edu.sg',60000095,2,1);
INSERT INTO `enrolled` (`user_id`,`module_id`) VALUES ('A5000096B','pppppppp-pppp-pppp-pppp-pppppppppppp');
INSERT INTO `participate` (`user_id`,`project_id`) VALUES ('A5000096B','5028');
INSERT INTO `user` (`user_id`,`name`,`email`,`contact`,`user_type`,`food_preference`) VALUES
('A5000097B',' Ng Soo Sian Amanda','a@nus.edu.sg',60000096,2,1);
INSERT INTO `enrolled` (`user_id`,`module_id`) VALUES ('A5000097B','pppppppp-pppp-pppp-pppp-pppppppppppp');
INSERT INTO `participate` (`user_id`,`project_id`) VALUES ('A5000097B','5028');
INSERT INTO `user` (`user_id`,`name`,`email`,`contact`,`user_type`,`food_preference`) VALUES
('A5000098B',' Aashvi Bana ','a@nus.edu.sg',60000097,2,1);
INSERT INTO `enrolled` (`user_id`,`module_id`) VALUES ('A5000098B','pppppppp-pppp-pppp-pppp-pppppppppppp');
INSERT INTO `participate` (`user_id`,`project_id`) VALUES ('A5000098B','5028');