INSERT INTO `project` (`title`, `project_id`,`module_id`,`abstract`,`poster`,`video`) VALUES 
('Analytics (TBC) ',6000,'yyyyyyyy-yyyy-yyyy-yyyy-yyyyyyyyyyyy','The project aims to explain the analytics on how does the people sell and buy the pre-loved items. Main feature is to allow individual to search pre-loved products across multiple sites and to consolidate, rank and compare for the closest match of the desired product. Sellers of the pre-loved goods shall use the analytic arising from the single consolidated venue for searching the pre-loved items, thus helping them to decide on the optimal price before it can posted for sale. Buyers will have the opportunity to compare the price from various products before they can buy it from the market place.','http://media.tumblr.com/3f81fad6ef163759fff8077580d94752/tumblr_inline_nj4nxkE0C21qersu1.png','https://www.youtube.com/watch?v=MYZfjfkwRII');
INSERT INTO `user` (`user_id`,`name`,`email`,`contact`,`user_type`,`food_preference`) VALUES
('A5000401B','ABHINAV SARJA','a@nus.edu.sg',60000000,2,1);
INSERT INTO `enrolled` (`user_id`,`module_id`) VALUES ('A5000401B','yyyyyyyy-yyyy-yyyy-yyyy-yyyyyyyyyyyy');
INSERT INTO `participate` (`user_id`,`project_id`) VALUES ('A5000401B','6000');
INSERT INTO `user` (`user_id`,`name`,`email`,`contact`,`user_type`,`food_preference`) VALUES
('A5000402B',' GEORGE SYLVESTER SHANTHA KUMAR','a@nus.edu.sg',60000001,2,1);
INSERT INTO `enrolled` (`user_id`,`module_id`) VALUES ('A5000402B','yyyyyyyy-yyyy-yyyy-yyyy-yyyyyyyyyyyy');
INSERT INTO `participate` (`user_id`,`project_id`) VALUES ('A5000402B','6000');
INSERT INTO `user` (`user_id`,`name`,`email`,`contact`,`user_type`,`food_preference`) VALUES
('A5000403B',' OBAID MUHAMMAD TALHA','a@nus.edu.sg',60000002,2,1);
INSERT INTO `enrolled` (`user_id`,`module_id`) VALUES ('A5000403B','yyyyyyyy-yyyy-yyyy-yyyy-yyyyyyyyyyyy');
INSERT INTO `participate` (`user_id`,`project_id`) VALUES ('A5000403B','6000');
INSERT INTO `user` (`user_id`,`name`,`email`,`contact`,`user_type`,`food_preference`) VALUES
('A5000404B',' VASUDEVAN VIVEKANANTH','a@nus.edu.sg',60000003,2,1);
INSERT INTO `enrolled` (`user_id`,`module_id`) VALUES ('A5000404B','yyyyyyyy-yyyy-yyyy-yyyy-yyyyyyyyyyyy');
INSERT INTO `participate` (`user_id`,`project_id`) VALUES ('A5000404B','6000');
INSERT INTO `project` (`title`, `project_id`,`module_id`,`abstract`,`poster`,`video`) VALUES 
('Sailing the uncertain outlook: Customer Satisfaction Analysis in the Singapore Hotel Industry ',6001,'yyyyyyyy-yyyy-yyyy-yyyy-yyyyyyyyyyyy','This project aims to analyze and find out the important factors (e.g. value for money, price,Location) of hotels which affect customer satisfaction. The data will be crawled and collected from the hotel booking website. Data will be analyzed and generate result using Tableau. The result will provide valuable insights to customers mainly visitors with family to help them source for their suitable hotels based on their needs, In addition, with the ability of the knowing the correlation of factors, the result will provide hotel management with a platform to better understand behavior and preferences of customers. ','http://media.tumblr.com/3f81fad6ef163759fff8077580d94752/tumblr_inline_nj4nxkE0C21qersu1.png','https://www.youtube.com/watch?v=MYZfjfkwRII');
INSERT INTO `user` (`user_id`,`name`,`email`,`contact`,`user_type`,`food_preference`) VALUES
('A5000405B','LEOW ZHEN ZHEN','a@nus.edu.sg',60000004,2,1);
INSERT INTO `enrolled` (`user_id`,`module_id`) VALUES ('A5000405B','yyyyyyyy-yyyy-yyyy-yyyy-yyyyyyyyyyyy');
INSERT INTO `participate` (`user_id`,`project_id`) VALUES ('A5000405B','6001');
INSERT INTO `user` (`user_id`,`name`,`email`,`contact`,`user_type`,`food_preference`) VALUES
('A5000406B',' NG HWEE TSE CALLY','a@nus.edu.sg',60000005,2,1);
INSERT INTO `enrolled` (`user_id`,`module_id`) VALUES ('A5000406B','yyyyyyyy-yyyy-yyyy-yyyy-yyyyyyyyyyyy');
INSERT INTO `participate` (`user_id`,`project_id`) VALUES ('A5000406B','6001');
INSERT INTO `user` (`user_id`,`name`,`email`,`contact`,`user_type`,`food_preference`) VALUES
('A5000407B',' SUN FEI ','a@nus.edu.sg',60000006,2,1);
INSERT INTO `enrolled` (`user_id`,`module_id`) VALUES ('A5000407B','yyyyyyyy-yyyy-yyyy-yyyy-yyyyyyyyyyyy');
INSERT INTO `participate` (`user_id`,`project_id`) VALUES ('A5000407B','6001');
INSERT INTO `project` (`title`, `project_id`,`module_id`,`abstract`,`poster`,`video`) VALUES 
('Mobile Food in Fighting for Crime ',6002,'yyyyyyyy-yyyy-yyyy-yyyy-yyyyyyyyyyyy','A new generation of street-food lovers is lining up at food trucks/carts like never before. They are the latest trend in American and world culture. Street-food industry has never been in limelight making it an untapped area of research. In today’s world, pressure of “giving more with less” has made simple and efficient lifestyles in ever increasing demand. People are seeking inexpensive and convenience food for their breakfast, lunch, tea break, or dinner. These factors make the mobile-food concept more appealing than ever.Unknowingly, with the existence of mobile food, it is predicted to also help fight crime.Mobile food hawkers can become the ‘eye of the city’ along with doing their mobile food business.Contributing factors to boost mobile food existence will need to be investigated further. ','http://media.tumblr.com/3f81fad6ef163759fff8077580d94752/tumblr_inline_nj4nxkE0C21qersu1.png','https://www.youtube.com/watch?v=MYZfjfkwRII');
INSERT INTO `user` (`user_id`,`name`,`email`,`contact`,`user_type`,`food_preference`) VALUES
('A5000408B',' BAHAL DHANANJAY RAJESH','a@nus.edu.sg',60000007,2,1);
INSERT INTO `enrolled` (`user_id`,`module_id`) VALUES ('A5000408B','yyyyyyyy-yyyy-yyyy-yyyy-yyyyyyyyyyyy');
INSERT INTO `participate` (`user_id`,`project_id`) VALUES ('A5000408B','6002');
INSERT INTO `user` (`user_id`,`name`,`email`,`contact`,`user_type`,`food_preference`) VALUES
('A5000409B',' JESSICA MARIA TEGUH','a@nus.edu.sg',60000008,2,1);
INSERT INTO `enrolled` (`user_id`,`module_id`) VALUES ('A5000409B','yyyyyyyy-yyyy-yyyy-yyyy-yyyyyyyyyyyy');
INSERT INTO `participate` (`user_id`,`project_id`) VALUES ('A5000409B','6002');
INSERT INTO `user` (`user_id`,`name`,`email`,`contact`,`user_type`,`food_preference`) VALUES
('A5000410B',' RINO KARSONA KADIRMAN','a@nus.edu.sg',60000009,2,1);
INSERT INTO `enrolled` (`user_id`,`module_id`) VALUES ('A5000410B','yyyyyyyy-yyyy-yyyy-yyyy-yyyyyyyyyyyy');
INSERT INTO `participate` (`user_id`,`project_id`) VALUES ('A5000410B','6002');
INSERT INTO `user` (`user_id`,`name`,`email`,`contact`,`user_type`,`food_preference`) VALUES
('A5000411B',' VALENCIA CLARISSA WIDJAJA ','a@nus.edu.sg',60000010,2,1);
INSERT INTO `enrolled` (`user_id`,`module_id`) VALUES ('A5000411B','yyyyyyyy-yyyy-yyyy-yyyy-yyyyyyyyyyyy');
INSERT INTO `participate` (`user_id`,`project_id`) VALUES ('A5000411B','6002');
INSERT INTO `project` (`title`, `project_id`,`module_id`,`abstract`,`poster`,`video`) VALUES 
('Analytics (TBC) ',6003,'yyyyyyyy-yyyy-yyyy-yyyy-yyyyyyyyyyyy','Census data provides states with a unique insight into the various factors affecting their populace and plays a key role in policy and governing decisions. However census data besides being expensive and tedious to gather are also static and only provide a snapshot in time. We propose to supplement census data with information gathered in real time from social sensors to predict the real time population density for a given geographic region. State activities such as disaster management and planning, state surveillance, infrastructure planning may benefit from such an analysis. ','http://media.tumblr.com/3f81fad6ef163759fff8077580d94752/tumblr_inline_nj4nxkE0C21qersu1.png','https://www.youtube.com/watch?v=MYZfjfkwRII');
INSERT INTO `user` (`user_id`,`name`,`email`,`contact`,`user_type`,`food_preference`) VALUES
('A5000412B','ASHRAF MOHAMMED ABDUL','a@nus.edu.sg',60000011,2,1);
INSERT INTO `enrolled` (`user_id`,`module_id`) VALUES ('A5000412B','yyyyyyyy-yyyy-yyyy-yyyy-yyyyyyyyyyyy');
INSERT INTO `participate` (`user_id`,`project_id`) VALUES ('A5000412B','6003');
INSERT INTO `user` (`user_id`,`name`,`email`,`contact`,`user_type`,`food_preference`) VALUES
('A5000413B',' ASTHA JAIN','a@nus.edu.sg',60000012,2,1);
INSERT INTO `enrolled` (`user_id`,`module_id`) VALUES ('A5000413B','yyyyyyyy-yyyy-yyyy-yyyy-yyyyyyyyyyyy');
INSERT INTO `participate` (`user_id`,`project_id`) VALUES ('A5000413B','6003');
INSERT INTO `user` (`user_id`,`name`,`email`,`contact`,`user_type`,`food_preference`) VALUES
('A5000414B',' HARSHUL GANDHI','a@nus.edu.sg',60000013,2,1);
INSERT INTO `enrolled` (`user_id`,`module_id`) VALUES ('A5000414B','yyyyyyyy-yyyy-yyyy-yyyy-yyyyyyyyyyyy');
INSERT INTO `participate` (`user_id`,`project_id`) VALUES ('A5000414B','6003');
INSERT INTO `user` (`user_id`,`name`,`email`,`contact`,`user_type`,`food_preference`) VALUES
('A5000415B',' JABIR SHABBIR KARACHIWALA ','a@nus.edu.sg',60000014,2,1);
INSERT INTO `enrolled` (`user_id`,`module_id`) VALUES ('A5000415B','yyyyyyyy-yyyy-yyyy-yyyy-yyyyyyyyyyyy');
INSERT INTO `participate` (`user_id`,`project_id`) VALUES ('A5000415B','6003');
INSERT INTO `project` (`title`, `project_id`,`module_id`,`abstract`,`poster`,`video`) VALUES 
('Analysis of Aviation Accidents ',6004,'yyyyyyyy-yyyy-yyyy-yyyy-yyyyyyyyyyyy','During past decades, airplane has become most popular means of long distance travel. While enjoying this kind of fastest common transportation, people start to raise the concern on the aviation safety. In this study, we will use text mining and propensity score matching etc. to analyze various aspects of aviation accidents, comparing with non-accidents. We will try to find some shared attributes, such as time, location and weather, impacts on the performance of airline companies and then provide recommendations. Our study will be useful for the general public as an education source. And this is also helpful for the industry to improve the safety conditions.','http://media.tumblr.com/3f81fad6ef163759fff8077580d94752/tumblr_inline_nj4nxkE0C21qersu1.png','https://www.youtube.com/watch?v=MYZfjfkwRII');
INSERT INTO `user` (`user_id`,`name`,`email`,`contact`,`user_type`,`food_preference`) VALUES
('A5000416B',' HE RUN','a@nus.edu.sg',60000015,2,1);
INSERT INTO `enrolled` (`user_id`,`module_id`) VALUES ('A5000416B','yyyyyyyy-yyyy-yyyy-yyyy-yyyyyyyyyyyy');
INSERT INTO `participate` (`user_id`,`project_id`) VALUES ('A5000416B','6004');
INSERT INTO `user` (`user_id`,`name`,`email`,`contact`,`user_type`,`food_preference`) VALUES
('A5000417B',' LI JIASHU','a@nus.edu.sg',60000016,2,1);
INSERT INTO `enrolled` (`user_id`,`module_id`) VALUES ('A5000417B','yyyyyyyy-yyyy-yyyy-yyyy-yyyyyyyyyyyy');
INSERT INTO `participate` (`user_id`,`project_id`) VALUES ('A5000417B','6004');
INSERT INTO `user` (`user_id`,`name`,`email`,`contact`,`user_type`,`food_preference`) VALUES
('A5000418B',' WANG YONGYI','a@nus.edu.sg',60000017,2,1);
INSERT INTO `enrolled` (`user_id`,`module_id`) VALUES ('A5000418B','yyyyyyyy-yyyy-yyyy-yyyy-yyyyyyyyyyyy');
INSERT INTO `participate` (`user_id`,`project_id`) VALUES ('A5000418B','6004');
INSERT INTO `user` (`user_id`,`name`,`email`,`contact`,`user_type`,`food_preference`) VALUES
('A5000419B',' WU YUE ','a@nus.edu.sg',60000018,2,1);
INSERT INTO `enrolled` (`user_id`,`module_id`) VALUES ('A5000419B','yyyyyyyy-yyyy-yyyy-yyyy-yyyyyyyyyyyy');
INSERT INTO `participate` (`user_id`,`project_id`) VALUES ('A5000419B','6004');
INSERT INTO `project` (`title`, `project_id`,`module_id`,`abstract`,`poster`,`video`) VALUES 
('Hire for a long Haul ',6005,'yyyyyyyy-yyyy-yyyy-yyyy-yyyyyyyyyyyy','Hiring employees is simply a start to making a solid work force. High turnover costs entrepreneurs in time and workforce productivity. We all know, good employees are elusive and once you have pulled in a splendid individual from staff, it’s just as paramount to ascertain that he stays with the organization. Companies expect at least one thing from every candidate they hire: Will he/she sustain for a decent period of time? Our study proposes to analyze the applicant’s expected stay in an organization in a position amid the enlistment. The analysis would give an idea whether a candidate would stay with an organization for fleeting or long haul. These trends would eventually reduce a company’s sudden attrition rate and helps keep the manpower steady.','http://media.tumblr.com/3f81fad6ef163759fff8077580d94752/tumblr_inline_nj4nxkE0C21qersu1.png','https://www.youtube.com/watch?v=MYZfjfkwRII');
INSERT INTO `user` (`user_id`,`name`,`email`,`contact`,`user_type`,`food_preference`) VALUES
('A5000420B','JAYAKUMAR ALAGAPPAN MEENAKSHI','a@nus.edu.sg',60000019,2,1);
INSERT INTO `enrolled` (`user_id`,`module_id`) VALUES ('A5000420B','yyyyyyyy-yyyy-yyyy-yyyy-yyyyyyyyyyyy');
INSERT INTO `participate` (`user_id`,`project_id`) VALUES ('A5000420B','6005');
INSERT INTO `user` (`user_id`,`name`,`email`,`contact`,`user_type`,`food_preference`) VALUES
('A5000421B',' KRISHNA KANNAN','a@nus.edu.sg',60000020,2,1);
INSERT INTO `enrolled` (`user_id`,`module_id`) VALUES ('A5000421B','yyyyyyyy-yyyy-yyyy-yyyy-yyyyyyyyyyyy');
INSERT INTO `participate` (`user_id`,`project_id`) VALUES ('A5000421B','6005');
INSERT INTO `user` (`user_id`,`name`,`email`,`contact`,`user_type`,`food_preference`) VALUES
('A5000422B',' RAGHAVENDHRA BALARAMAN','a@nus.edu.sg',60000021,2,1);
INSERT INTO `enrolled` (`user_id`,`module_id`) VALUES ('A5000422B','yyyyyyyy-yyyy-yyyy-yyyy-yyyyyyyyyyyy');
INSERT INTO `participate` (`user_id`,`project_id`) VALUES ('A5000422B','6005');
INSERT INTO `user` (`user_id`,`name`,`email`,`contact`,`user_type`,`food_preference`) VALUES
('A5000423B',' VISHNU GOWTHEM THANGARAJ ','a@nus.edu.sg',60000022,2,1);
INSERT INTO `enrolled` (`user_id`,`module_id`) VALUES ('A5000423B','yyyyyyyy-yyyy-yyyy-yyyy-yyyyyyyyyyyy');
INSERT INTO `participate` (`user_id`,`project_id`) VALUES ('A5000423B','6005');
INSERT INTO `project` (`title`, `project_id`,`module_id`,`abstract`,`poster`,`video`) VALUES 
('Find Your Haven - A predictive analysis to find the safest place in United States',6006,'yyyyyyyy-yyyy-yyyy-yyyy-yyyyyyyyyyyy','The United States of America remains an admired place of choice for a remarkable number of people especially students and skilled professionals from all over the world to seek a better life. We intend to develop a suggestion system that would help in identifying suitable places to live in the United States. The primary objective involves analysing the accident, crime and disaster mishaps in United States which are filtered on the specifics of the individual’s profile and requirements. Scores are assigned based on statistical analysis of various factors such as age, alcoholic/non-alcoholic, gender, preferred area of residence, etc., The result of this analysis would suggest a prioritised list of places that are conducive to live in United States.','http://media.tumblr.com/3f81fad6ef163759fff8077580d94752/tumblr_inline_nj4nxkE0C21qersu1.png','https://www.youtube.com/watch?v=MYZfjfkwRII');
INSERT INTO `user` (`user_id`,`name`,`email`,`contact`,`user_type`,`food_preference`) VALUES
('A5000424B','ASHWINI RAVI','a@nus.edu.sg',60000023,2,1);
INSERT INTO `enrolled` (`user_id`,`module_id`) VALUES ('A5000424B','yyyyyyyy-yyyy-yyyy-yyyy-yyyyyyyyyyyy');
INSERT INTO `participate` (`user_id`,`project_id`) VALUES ('A5000424B','6006');
INSERT INTO `user` (`user_id`,`name`,`email`,`contact`,`user_type`,`food_preference`) VALUES
('A5000425B',' HUSHMIJA XAVIER','a@nus.edu.sg',60000024,2,1);
INSERT INTO `enrolled` (`user_id`,`module_id`) VALUES ('A5000425B','yyyyyyyy-yyyy-yyyy-yyyy-yyyyyyyyyyyy');
INSERT INTO `participate` (`user_id`,`project_id`) VALUES ('A5000425B','6006');
INSERT INTO `user` (`user_id`,`name`,`email`,`contact`,`user_type`,`food_preference`) VALUES
('A5000426B',' PRASSANTHI MURALIDHARAN','a@nus.edu.sg',60000025,2,1);
INSERT INTO `enrolled` (`user_id`,`module_id`) VALUES ('A5000426B','yyyyyyyy-yyyy-yyyy-yyyy-yyyyyyyyyyyy');
INSERT INTO `participate` (`user_id`,`project_id`) VALUES ('A5000426B','6006');
INSERT INTO `user` (`user_id`,`name`,`email`,`contact`,`user_type`,`food_preference`) VALUES
('A5000427B',' RAMKI RAVINDRAN ','a@nus.edu.sg',60000026,2,1);
INSERT INTO `enrolled` (`user_id`,`module_id`) VALUES ('A5000427B','yyyyyyyy-yyyy-yyyy-yyyy-yyyyyyyyyyyy');
INSERT INTO `participate` (`user_id`,`project_id`) VALUES ('A5000427B','6006');
INSERT INTO `project` (`title`, `project_id`,`module_id`,`abstract`,`poster`,`video`) VALUES 
('Analytics (TBC) ',6007,'yyyyyyyy-yyyy-yyyy-yyyy-yyyyyyyyyyyy','Ever wondering where is the next Phuket as a traveller or as an investor? Yes, our team holds the same wonder as you do, and we will reveal the next fastest-growing tourism spot for you using data analytics tool. Come and check it out, and simply put it as your next destination if you are a travelling fan, OR get some clues of the new target of investment or financial market from your investor’s point of view.','http://media.tumblr.com/3f81fad6ef163759fff8077580d94752/tumblr_inline_nj4nxkE0C21qersu1.png','https://www.youtube.com/watch?v=MYZfjfkwRII');
INSERT INTO `user` (`user_id`,`name`,`email`,`contact`,`user_type`,`food_preference`) VALUES
('A5000428B','DALLE WUILLAUME','a@nus.edu.sg',60000027,2,1);
INSERT INTO `enrolled` (`user_id`,`module_id`) VALUES ('A5000428B','yyyyyyyy-yyyy-yyyy-yyyy-yyyyyyyyyyyy');
INSERT INTO `participate` (`user_id`,`project_id`) VALUES ('A5000428B','6007');
INSERT INTO `user` (`user_id`,`name`,`email`,`contact`,`user_type`,`food_preference`) VALUES
('A5000429B',' LI PINGTING','a@nus.edu.sg',60000028,2,1);
INSERT INTO `enrolled` (`user_id`,`module_id`) VALUES ('A5000429B','yyyyyyyy-yyyy-yyyy-yyyy-yyyyyyyyyyyy');
INSERT INTO `participate` (`user_id`,`project_id`) VALUES ('A5000429B','6007');
INSERT INTO `user` (`user_id`,`name`,`email`,`contact`,`user_type`,`food_preference`) VALUES
('A5000430B',' WANG WEIDUO','a@nus.edu.sg',60000029,2,1);
INSERT INTO `enrolled` (`user_id`,`module_id`) VALUES ('A5000430B','yyyyyyyy-yyyy-yyyy-yyyy-yyyyyyyyyyyy');
INSERT INTO `participate` (`user_id`,`project_id`) VALUES ('A5000430B','6007');
INSERT INTO `user` (`user_id`,`name`,`email`,`contact`,`user_type`,`food_preference`) VALUES
('A5000431B',' ZHANG JIAO ','a@nus.edu.sg',60000030,2,1);
INSERT INTO `enrolled` (`user_id`,`module_id`) VALUES ('A5000431B','yyyyyyyy-yyyy-yyyy-yyyy-yyyyyyyyyyyy');
INSERT INTO `participate` (`user_id`,`project_id`) VALUES ('A5000431B','6007');
INSERT INTO `project` (`title`, `project_id`,`module_id`,`abstract`,`poster`,`video`) VALUES 
('Analytics (TBC) ',6008,'yyyyyyyy-yyyy-yyyy-yyyy-yyyyyyyyyyyy','As the peer-to-peer lending platforms are gaining popularity, individual investors are exposed to more and better investment opportunities rather than just savings in the banks. But these individual investors may not have the expertise to assess the risks associated with the loans. Our study proposes to build a prediction tool based on the historical loan data, and get some insights on what factors are affecting the default rate of the loans. It aims to predict good/bad investments based on both internal factors (personal info available on the peer-to-peer lending sites) and certain external factors (such as the macro economic conditions).','http://media.tumblr.com/3f81fad6ef163759fff8077580d94752/tumblr_inline_nj4nxkE0C21qersu1.png','https://www.youtube.com/watch?v=MYZfjfkwRII');
INSERT INTO `user` (`user_id`,`name`,`email`,`contact`,`user_type`,`food_preference`) VALUES
('A5000432B','ABHIJNHA','a@nus.edu.sg',60000031,2,1);
INSERT INTO `enrolled` (`user_id`,`module_id`) VALUES ('A5000432B','yyyyyyyy-yyyy-yyyy-yyyy-yyyyyyyyyyyy');
INSERT INTO `participate` (`user_id`,`project_id`) VALUES ('A5000432B','6008');
INSERT INTO `user` (`user_id`,`name`,`email`,`contact`,`user_type`,`food_preference`) VALUES
('A5000433B',' AKANKSHA TIWARI','a@nus.edu.sg',60000032,2,1);
INSERT INTO `enrolled` (`user_id`,`module_id`) VALUES ('A5000433B','yyyyyyyy-yyyy-yyyy-yyyy-yyyyyyyyyyyy');
INSERT INTO `participate` (`user_id`,`project_id`) VALUES ('A5000433B','6008');
INSERT INTO `user` (`user_id`,`name`,`email`,`contact`,`user_type`,`food_preference`) VALUES
('A5000434B',' KARAN SACHDEVA','a@nus.edu.sg',60000033,2,1);
INSERT INTO `enrolled` (`user_id`,`module_id`) VALUES ('A5000434B','yyyyyyyy-yyyy-yyyy-yyyy-yyyyyyyyyyyy');
INSERT INTO `participate` (`user_id`,`project_id`) VALUES ('A5000434B','6008');
INSERT INTO `user` (`user_id`,`name`,`email`,`contact`,`user_type`,`food_preference`) VALUES
('A5000435B',' ZHAO HAINAN','a@nus.edu.sg',60000034,2,1);
INSERT INTO `enrolled` (`user_id`,`module_id`) VALUES ('A5000435B','yyyyyyyy-yyyy-yyyy-yyyy-yyyyyyyyyyyy');
INSERT INTO `participate` (`user_id`,`project_id`) VALUES ('A5000435B','6008');
INSERT INTO `project` (`title`, `project_id`,`module_id`,`abstract`,`poster`,`video`) VALUES 
('Targeted Marketing using Machine Learning ',6009,'yyyyyyyy-yyyy-yyyy-yyyy-yyyyyyyyyyyy','Banks collect some key customer attributes like demographics, Income , previous loans and they also have some socio-economic features like employment rate. These are very valuable information and can be used to predict customer behavior using historical data. Here based on two years of data, we are trying to predict whether or not a customer would subscribe for a term deposit. This will be very much helpful for the term deposit marketing campaign. The main objective reduce the marketing cost by contacting the right customers instead of mass spamming all the customers. We will be using some machine learning techniques to predict the term deposit subscription probability.','http://media.tumblr.com/3f81fad6ef163759fff8077580d94752/tumblr_inline_nj4nxkE0C21qersu1.png','https://www.youtube.com/watch?v=MYZfjfkwRII');
INSERT INTO `user` (`user_id`,`name`,`email`,`contact`,`user_type`,`food_preference`) VALUES
('A5000436B','ABIRAMI SRINIVASAN','a@nus.edu.sg',60000035,2,1);
INSERT INTO `enrolled` (`user_id`,`module_id`) VALUES ('A5000436B','yyyyyyyy-yyyy-yyyy-yyyy-yyyyyyyyyyyy');
INSERT INTO `participate` (`user_id`,`project_id`) VALUES ('A5000436B','6009');
INSERT INTO `user` (`user_id`,`name`,`email`,`contact`,`user_type`,`food_preference`) VALUES
('A5000437B',' PRABAKARAN PROMOTH KUMAR','a@nus.edu.sg',60000036,2,1);
INSERT INTO `enrolled` (`user_id`,`module_id`) VALUES ('A5000437B','yyyyyyyy-yyyy-yyyy-yyyy-yyyyyyyyyyyy');
INSERT INTO `participate` (`user_id`,`project_id`) VALUES ('A5000437B','6009');
INSERT INTO `user` (`user_id`,`name`,`email`,`contact`,`user_type`,`food_preference`) VALUES
('A5000438B',' SHAKIYA SHA ','a@nus.edu.sg',60000037,2,1);
INSERT INTO `enrolled` (`user_id`,`module_id`) VALUES ('A5000438B','yyyyyyyy-yyyy-yyyy-yyyy-yyyyyyyyyyyy');
INSERT INTO `participate` (`user_id`,`project_id`) VALUES ('A5000438B','6009');
INSERT INTO `project` (`title`, `project_id`,`module_id`,`abstract`,`poster`,`video`) VALUES 
('Behavior study of “whales” in gaming ',6010,'yyyyyyyy-yyyy-yyyy-yyyy-yyyyyyyyyyyy','Gaming industry is very competitive. It is difficult to make addictive games and monetize them. In a fermium game model, it is estimated that only 10% of the gamers pay for features and less than 1% of gamers (known as Whales) contribute to more than 50% percent of the game revenue. Analyzing these whales will help the company to tap in more revenue. In this project we analyze the behavior of these Whales and using this analysis we try to find how we can make non-whale users to make more purchases.','http://media.tumblr.com/3f81fad6ef163759fff8077580d94752/tumblr_inline_nj4nxkE0C21qersu1.png','https://www.youtube.com/watch?v=MYZfjfkwRII');
INSERT INTO `user` (`user_id`,`name`,`email`,`contact`,`user_type`,`food_preference`) VALUES
('A5000439B','ANBARASAN THANGAPALAM RATHNAHAR GNANASELWYN','a@nus.edu.sg',60000038,2,1);
INSERT INTO `enrolled` (`user_id`,`module_id`) VALUES ('A5000439B','yyyyyyyy-yyyy-yyyy-yyyy-yyyyyyyyyyyy');
INSERT INTO `participate` (`user_id`,`project_id`) VALUES ('A5000439B','6010');
INSERT INTO `user` (`user_id`,`name`,`email`,`contact`,`user_type`,`food_preference`) VALUES
('A5000440B',' LIU WENRU','a@nus.edu.sg',60000039,2,1);
INSERT INTO `enrolled` (`user_id`,`module_id`) VALUES ('A5000440B','yyyyyyyy-yyyy-yyyy-yyyy-yyyyyyyyyyyy');
INSERT INTO `participate` (`user_id`,`project_id`) VALUES ('A5000440B','6010');
INSERT INTO `user` (`user_id`,`name`,`email`,`contact`,`user_type`,`food_preference`) VALUES
('A5000441B',' RAM VIBHAKAR SUTHAGAR','a@nus.edu.sg',60000040,2,1);
INSERT INTO `enrolled` (`user_id`,`module_id`) VALUES ('A5000441B','yyyyyyyy-yyyy-yyyy-yyyy-yyyyyyyyyyyy');
INSERT INTO `participate` (`user_id`,`project_id`) VALUES ('A5000441B','6010');
INSERT INTO `user` (`user_id`,`name`,`email`,`contact`,`user_type`,`food_preference`) VALUES
('A5000442B',' VU HAI VAN ','a@nus.edu.sg',60000041,2,1);
INSERT INTO `enrolled` (`user_id`,`module_id`) VALUES ('A5000442B','yyyyyyyy-yyyy-yyyy-yyyy-yyyyyyyyyyyy');
INSERT INTO `participate` (`user_id`,`project_id`) VALUES ('A5000442B','6010');
INSERT INTO `project` (`title`, `project_id`,`module_id`,`abstract`,`poster`,`video`) VALUES 
('Wine Advisor ',6011,'yyyyyyyy-yyyy-yyyy-yyyy-yyyyyyyyyyyy','Over the hundreds of kinds of wine, only a few match the food that you are planning for dinner. How do you know which one? Where to buy it? How to be sure you would even like it? We intend to solve this problem by offering an IT tool based on analytics that will help people match their wine with their food. The result will be a wine to buy but also in which supermarket and for what price. Moreover, based on thousands of consumer reviews and the user’s profile, we will suggest a wine that pleases him.','http://media.tumblr.com/3f81fad6ef163759fff8077580d94752/tumblr_inline_nj4nxkE0C21qersu1.png','https://www.youtube.com/watch?v=MYZfjfkwRII');
INSERT INTO `user` (`user_id`,`name`,`email`,`contact`,`user_type`,`food_preference`) VALUES
('A5000443B','CARVAL THIBAUT PIERRE MICHEL','a@nus.edu.sg',60000042,2,1);
INSERT INTO `enrolled` (`user_id`,`module_id`) VALUES ('A5000443B','yyyyyyyy-yyyy-yyyy-yyyy-yyyyyyyyyyyy');
INSERT INTO `participate` (`user_id`,`project_id`) VALUES ('A5000443B','6011');
INSERT INTO `user` (`user_id`,`name`,`email`,`contact`,`user_type`,`food_preference`) VALUES
('A5000444B',' HUA XIN','a@nus.edu.sg',60000043,2,1);
INSERT INTO `enrolled` (`user_id`,`module_id`) VALUES ('A5000444B','yyyyyyyy-yyyy-yyyy-yyyy-yyyyyyyyyyyy');
INSERT INTO `participate` (`user_id`,`project_id`) VALUES ('A5000444B','6011');
INSERT INTO `user` (`user_id`,`name`,`email`,`contact`,`user_type`,`food_preference`) VALUES
('A5000445B',' LIU XU','a@nus.edu.sg',60000044,2,1);
INSERT INTO `enrolled` (`user_id`,`module_id`) VALUES ('A5000445B','yyyyyyyy-yyyy-yyyy-yyyy-yyyyyyyyyyyy');
INSERT INTO `participate` (`user_id`,`project_id`) VALUES ('A5000445B','6011');
INSERT INTO `user` (`user_id`,`name`,`email`,`contact`,`user_type`,`food_preference`) VALUES
('A5000446B',' SHEENA NASIM ','a@nus.edu.sg',60000045,2,1);
INSERT INTO `enrolled` (`user_id`,`module_id`) VALUES ('A5000446B','yyyyyyyy-yyyy-yyyy-yyyy-yyyyyyyyyyyy');
INSERT INTO `participate` (`user_id`,`project_id`) VALUES ('A5000446B','6011');
INSERT INTO `project` (`title`, `project_id`,`module_id`,`abstract`,`poster`,`video`) VALUES 
('Skill Tree ',6012,'yyyyyyyy-yyyy-yyyy-yyyy-yyyyyyyyyyyy','Skill Tree aims to help people evaluate themselves against the skill demand in the industry and understand the set of skills and experience required for their “dream jobs”. This is achieved by referencing multiple job sites and analyzing the job details to form a picture of career roles in the industry as well as the requirements and remuneration associated with the role. ?','http://media.tumblr.com/3f81fad6ef163759fff8077580d94752/tumblr_inline_nj4nxkE0C21qersu1.png','https://www.youtube.com/watch?v=MYZfjfkwRII');
INSERT INTO `user` (`user_id`,`name`,`email`,`contact`,`user_type`,`food_preference`) VALUES
('A5000447B','LOO JIAN-JU','a@nus.edu.sg',60000046,2,1);
INSERT INTO `enrolled` (`user_id`,`module_id`) VALUES ('A5000447B','yyyyyyyy-yyyy-yyyy-yyyy-yyyyyyyyyyyy');
INSERT INTO `participate` (`user_id`,`project_id`) VALUES ('A5000447B','6012');
INSERT INTO `user` (`user_id`,`name`,`email`,`contact`,`user_type`,`food_preference`) VALUES
('A5000448B',' SAMPATH BANDARALAGE SAJITH VIMUTHI WEERAKOON','a@nus.edu.sg',60000047,2,1);
INSERT INTO `enrolled` (`user_id`,`module_id`) VALUES ('A5000448B','yyyyyyyy-yyyy-yyyy-yyyy-yyyyyyyyyyyy');
INSERT INTO `participate` (`user_id`,`project_id`) VALUES ('A5000448B','6012');
INSERT INTO `user` (`user_id`,`name`,`email`,`contact`,`user_type`,`food_preference`) VALUES
('A5000449B',' VINCENT FIRMANSYAH','a@nus.edu.sg',60000048,2,1);
INSERT INTO `enrolled` (`user_id`,`module_id`) VALUES ('A5000449B','yyyyyyyy-yyyy-yyyy-yyyy-yyyyyyyyyyyy');
INSERT INTO `participate` (`user_id`,`project_id`) VALUES ('A5000449B','6012');
INSERT INTO `user` (`user_id`,`name`,`email`,`contact`,`user_type`,`food_preference`) VALUES
('A5000450B',' WANG YU HSIN ','a@nus.edu.sg',60000049,2,1);
INSERT INTO `enrolled` (`user_id`,`module_id`) VALUES ('A5000450B','yyyyyyyy-yyyy-yyyy-yyyy-yyyyyyyyyyyy');
INSERT INTO `participate` (`user_id`,`project_id`) VALUES ('A5000450B','6012');
INSERT INTO `project` (`title`, `project_id`,`module_id`,`abstract`,`poster`,`video`) VALUES 
('Analytics (TBC) ',6013,'yyyyyyyy-yyyy-yyyy-yyyy-yyyyyyyyyyyy','Good eating is complicated. Everyday food may contain high calories or lack several nutritional value. Many people want to be able to eat healthy and achieve a balanced nutrition. We will like to help by building a food recommendation algorithm that acts as a personal coach that helps the user make the better decisions in terms of what food to eat next. This tool, while easy to use, is targeted at the general public - especially students and parents. We want to help people eat healthier by using data analytics to recommend foods to eat. ?','http://media.tumblr.com/3f81fad6ef163759fff8077580d94752/tumblr_inline_nj4nxkE0C21qersu1.png','https://www.youtube.com/watch?v=MYZfjfkwRII');
INSERT INTO `user` (`user_id`,`name`,`email`,`contact`,`user_type`,`food_preference`) VALUES
('A5000451B','EMILE PAUL MAXIMILIEN BRES','a@nus.edu.sg',60000050,2,1);
INSERT INTO `enrolled` (`user_id`,`module_id`) VALUES ('A5000451B','yyyyyyyy-yyyy-yyyy-yyyy-yyyyyyyyyyyy');
INSERT INTO `participate` (`user_id`,`project_id`) VALUES ('A5000451B','6013');
INSERT INTO `user` (`user_id`,`name`,`email`,`contact`,`user_type`,`food_preference`) VALUES
('A5000452B',' HELMLINGER SIMON PHILIPPE','a@nus.edu.sg',60000051,2,1);
INSERT INTO `enrolled` (`user_id`,`module_id`) VALUES ('A5000452B','yyyyyyyy-yyyy-yyyy-yyyy-yyyyyyyyyyyy');
INSERT INTO `participate` (`user_id`,`project_id`) VALUES ('A5000452B','6013');
INSERT INTO `user` (`user_id`,`name`,`email`,`contact`,`user_type`,`food_preference`) VALUES
('A5000453B',' JUAN MANUEL MUNOZ PEREZ','a@nus.edu.sg',60000052,2,1);
INSERT INTO `enrolled` (`user_id`,`module_id`) VALUES ('A5000453B','yyyyyyyy-yyyy-yyyy-yyyy-yyyyyyyyyyyy');
INSERT INTO `participate` (`user_id`,`project_id`) VALUES ('A5000453B','6013');
INSERT INTO `user` (`user_id`,`name`,`email`,`contact`,`user_type`,`food_preference`) VALUES
('A5000454B',' ONG EMERY','a@nus.edu.sg',60000053,2,1);
INSERT INTO `enrolled` (`user_id`,`module_id`) VALUES ('A5000454B','yyyyyyyy-yyyy-yyyy-yyyy-yyyyyyyyyyyy');
INSERT INTO `participate` (`user_id`,`project_id`) VALUES ('A5000454B','6013');
